Sensor_ID,Date,Schedule_Normalized,Cost_Normalized,Utilization_Normalized,Safety_Normalized,Risk_Normalized,Composite_Score,Traffic_Light
Sensor_1,2023-01-01,37.9700280436555,51.370383948685266,48.89459426748779,100.0,54.087626892031324,94.81247490807496,Green
Sensor_1,2023-01-02,96.76778683230674,44.71428495991841,40.78830794460323,90.0,55.24118618286074,86.14522525301521,Green
Sensor_1,2023-01-03,99.99999999999999,56.140077989078826,54.21305378173467,93.33333333333333,49.02967744627567,89.85425965373551,Green
Sensor_1,2023-01-04,99.99999999999999,45.69423468940451,53.710598448210916,96.66666666666667,46.81103887900421,92.31665823642946,Green
Sensor_1,2023-01-05,99.99999999999999,47.33003235451254,45.274403472444966,96.42857142857143,54.099982644688154,92.14623807525118,Green
Sensor_1,2023-01-06,99.99999999999999,54.55479767824682,68.07604883569064,100.0,61.596426965786485,96.36789849085075,Green
Sensor_1,2023-01-07,99.99999999999999,52.279744374656154,64.60018377446467,96.15384615384616,44.91325144084142,92.35862421369346,Green
Sensor_10,2023-01-01,34.59124570562872,41.861700085054956,33.97671558744013,95.0,50.36116649681525,89.43226896444048,Green
Sensor_10,2023-01-02,97.1864528004191,44.67331729932525,41.422082775734864,100.0,54.70997813186367,95.11928961021054,Green
Sensor_10,2023-01-03,99.99999999999999,57.142367722772086,58.02711812121967,95.83333333333333,56.527588095395544,92.3991200860235,Green
Sensor_10,2023-01-04,99.99999999999999,53.41909928698254,48.57156782910994,100.0,49.33285424934359,95.58817562884967,Green
Sensor_10,2023-01-05,99.99999999999999,47.909024530696655,58.12302360130377,95.45454545454545,38.29182414297214,91.23698785542304,Green
Sensor_10,2023-01-06,99.99999999999999,53.58631824023421,37.605597159087544,100.0,44.07233860499106,95.22273376552165,Green
Sensor_10,2023-01-07,99.99999999999999,46.87795292503233,55.583704239131905,100.0,66.30298328120745,95.84412338375432,Green
Sensor_100,2023-01-01,40.015608132855235,46.6405632649573,48.717667693064946,100.0,57.532923167965876,94.70239027929141,Green
Sensor_100,2023-01-02,97.00838723565943,46.12940239823369,57.17897918399064,95.45454545454545,42.53150987417937,91.19354987843661,Green
Sensor_100,2023-01-03,99.99999999999999,59.312640282779654,53.634526638004516,100.0,49.88590458338035,95.98010951355148,Green
Sensor_100,2023-01-04,99.99999999999999,39.25404113806556,43.56278097475826,93.18181818181819,64.38021975693935,89.0687512362323,Green
Sensor_100,2023-01-05,99.99999999999999,56.19714033745657,66.11564553343962,96.15384615384616,52.87947912930336,92.74874236136496,Green
Sensor_100,2023-01-06,99.99999999999999,61.332135640322726,53.860115563881635,100.0,55.88606407913197,96.21132722229032,Green
Sensor_100,2023-01-07,99.99999999999999,51.178403029346846,48.35186486880049,100.0,42.78913439492942,95.33491764118129,Green
Sensor_11,2023-01-01,45.4568023625854,49.8916368304274,56.0582942779053,96.42857142857143,40.95990376979858,91.50821152782358,Green
Sensor_11,2023-01-02,97.16818632466612,44.52211524665979,43.445939477799776,91.66666666666667,41.517709193605846,87.38661521343278,Green
Sensor_11,2023-01-03,99.99999999999999,45.47229701471555,72.20894096471352,100.0,31.633829738261973,95.37949246593817,Green
Sensor_11,2023-01-04,99.99999999999997,58.59081236847224,51.12698750636031,90.47619047619048,35.87416147244747,87.03130362276188,Green
Sensor_11,2023-01-05,99.99999999999999,55.27404226898798,44.7674741023006,95.83333333333333,54.10274922996097,91.95436883753153,Green
Sensor_11,2023-01-06,99.99999999999999,57.952199072978566,25.878948322389675,93.75,53.67692853700973,89.7588730355442,Green
Sensor_11,2023-01-07,99.99999999999999,50.179584253930514,54.12356330120168,97.36842105263158,52.94878398166662,93.29441118547264,Green
Sensor_12,2023-01-01,39.32568522120702,55.352344892414166,49.24302527636741,100.0,55.54149386750815,95.04823147028007,Green
Sensor_12,2023-01-02,99.77982734232774,41.68947816526158,38.58751373247807,100.0,53.793104355434906,94.9335786845626,Green
Sensor_12,2023-01-03,99.99999999999999,48.318585025745776,49.67535938064577,100.0,46.10542627053295,95.31345678629816,Green
Sensor_12,2023-01-04,99.99999999999999,55.84952806434499,40.184726847295174,100.0,51.121165595966,95.54300582645887,Green
Sensor_12,2023-01-05,99.99999999999999,41.78856795547425,59.32684709461295,100.0,55.21997391326784,95.45272281452496,Green
Sensor_12,2023-01-06,99.99999999999999,50.2431335552964,42.313362439668424,96.42857142857143,48.21764924992341,92.0739975306955,Green
Sensor_12,2023-01-07,99.99999999999997,47.763270253076996,44.16761567861016,95.23809523809524,56.15727351474429,91.11899499138492,Green
Sensor_13,2023-01-01,45.52576421427081,45.08639231083286,32.94815923305795,93.33333333333333,55.512981498437476,88.31523499384349,Green
Sensor_13,2023-01-02,97.59895722196596,49.3898809710085,53.430809648455515,96.66666666666667,50.66072448973367,92.5310537162592,Green
Sensor_13,2023-01-03,99.99999999999999,48.45141105838377,47.384336564653815,100.0,43.28381551396697,95.20238890885274,Green
Sensor_13,2023-01-04,99.99999999999999,48.80153621852187,38.80882798172517,100.0,57.90638548028656,95.35140535506777,Green
Sensor_13,2023-01-05,99.99999999999999,48.07101452469589,49.59028055510151,100.0,49.124879142025456,95.36896613095672,Green
Sensor_13,2023-01-06,99.99999999999999,42.451218146377485,50.249644022078115,97.36842105263158,52.16732587939499,92.84311941065468,Green
Sensor_13,2023-01-07,99.99999999999999,41.65664983168976,65.37534044602499,96.15384615384616,50.54545225185246,92.03147386812817,Green
Sensor_14,2023-01-01,32.19365829148159,48.39888632527101,52.3926808186302,96.875,59.61006502215581,92.00942194698614,Green
Sensor_14,2023-01-02,98.02356956936147,49.92392793161713,58.30083615897162,100.0,60.11437345524029,95.87665264298288,Green
Sensor_14,2023-01-03,99.99999999999999,49.689586780684465,51.71774548136441,95.83333333333333,49.87835692720075,91.77067336346971,Green
Sensor_14,2023-01-04,99.99999999999999,49.59293699293298,58.896464374127824,100.0,48.07821857773013,95.6281379436206,Green
Sensor_14,2023-01-05,99.99999999999999,44.017457033167204,57.84100094887543,100.0,61.628738402929216,95.6629588162817,Green
Sensor_14,2023-01-06,99.99999999999999,45.961420669522546,48.91051815112774,100.0,39.57463583129663,95.04270359015817,Green
Sensor_14,2023-01-07,99.99999999999999,60.10155375374004,55.804096053236655,100.0,45.73972424206952,95.97133262857362,Green
Sensor_15,2023-01-01,48.342700373064595,52.89222030127558,44.507266886493035,96.15384615384616,51.692569163558304,91.40900191560712,Green
Sensor_15,2023-01-02,96.55061926721531,43.68583075576349,46.58784578634335,92.85714285714286,50.133585192453005,88.67713019355047,Green
Sensor_15,2023-01-03,99.99999999999999,45.27680895702805,58.336078122825775,96.15384615384616,47.62753221198872,91.96365730638571,Green
Sensor_15,2023-01-04,99.99999999999999,57.63150931512716,62.04014288764509,100.0,58.63632313841516,96.29813506896235,Green
Sensor_15,2023-01-05,99.99999999999999,49.17338632727253,58.22818152171172,96.66666666666667,39.60761315149337,92.41256164655361,Green
Sensor_15,2023-01-06,99.99999999999999,40.14077330527907,44.42800279898651,100.0,51.031595252403946,94.93988087242874,Green
Sensor_15,2023-01-07,99.99999999999999,43.84118188351535,56.615322447410314,95.45454545454545,43.86676266982317,91.14753268557975,Green
Sensor_16,2023-01-01,39.26675533180589,54.60943278316894,47.18262700934095,100.0,54.7254096547874,94.94825176694023,Green
Sensor_16,2023-01-02,96.9605015405636,54.05498347111421,60.702618831973226,100.0,54.39920705812363,95.97270530530227,Green
Sensor_16,2023-01-03,99.99999999999999,44.20686862456702,56.92769328360347,94.44444444444444,49.72604709295169,90.39810230532393,Green
Sensor_16,2023-01-04,99.99999999999999,48.647033168662574,31.320370272596225,85.71428571428571,50.71132231453699,82.19689849068065,Green
Sensor_16,2023-01-05,99.99999999999999,48.19709054427544,48.36676813269361,100.0,62.00942031995885,95.63857281538259,Green
Sensor_16,2023-01-06,99.99999999999999,46.62624748996517,46.98823755652285,100.0,44.53818418420638,95.14044678243789,Green
Sensor_16,2023-01-07,99.99999999999999,45.84189273081199,61.94674995189032,95.83333333333333,50.470493823864196,91.84935396305538,Green
Sensor_17,2023-01-01,38.22577887640128,50.75686075726625,50.42302131961365,100.0,51.38967689062809,94.76260138336181,Green
Sensor_17,2023-01-02,97.59275823302784,47.376520535303065,50.27706191182155,95.0,40.818930494874024,90.650530734858,Green
Sensor_17,2023-01-03,99.99999999999999,52.462313755430394,55.64385787279955,100.0,51.80537507199347,95.76520006103289,Green
Sensor_17,2023-01-04,99.99999999999999,59.17157826850873,50.2077159119018,93.75,58.58932653905269,90.48710504918024,Green
Sensor_17,2023-01-05,99.99999999999999,49.51773621842607,53.8544164120214,100.0,40.8000105452102,95.3431051764713,Green
Sensor_17,2023-01-06,99.99999999999999,44.48513961189378,49.521107182473024,100.0,47.096196708605,95.16173723981919,Green
Sensor_17,2023-01-07,99.99999999999999,35.33579061914128,49.91843832215744,100.0,37.89096866870525,94.55486251815705,Green
Sensor_18,2023-01-01,33.943556950118975,47.051172096027855,56.36915180403432,96.66666666666667,36.75061989751544,91.3585456241189,Green
Sensor_18,2023-01-02,98.92854291305385,64.77727877163552,49.48520481963377,100.0,45.137470970523225,96.00587076492081,Green
Sensor_18,2023-01-03,99.99999999999999,47.29032614904717,63.86723876804565,93.75,59.69112417018431,90.29908868766267,Green
Sensor_18,2023-01-04,99.99999999999999,57.419649674803985,47.711417310237294,96.66666666666667,36.992186185605036,92.47711191285708,Green
Sensor_18,2023-01-05,99.99999999999999,50.77976352167661,50.866806710883054,100.0,48.614511384611234,95.5074715290245,Green
Sensor_18,2023-01-06,99.99999999999999,45.88939843628773,62.60987647307625,100.0,46.84178754757068,95.52110329055023,Green
Sensor_18,2023-01-07,99.99999999999999,48.95284399881887,41.16920700628974,94.44444444444444,58.93596466373666,90.45391289769945,Green
Sensor_19,2023-01-01,42.142844468263895,49.18730213401095,45.52268681653162,97.05882352941177,51.00013885777218,91.98349431759908,Green
Sensor_19,2023-01-02,94.50233336100723,49.04097222665177,74.18750240292427,100.0,34.73536656625366,95.58355211784547,Green
Sensor_19,2023-01-03,99.99999999999999,46.81406571035968,50.6078098695118,100.0,35.84685797177048,95.03533503907305,Green
Sensor_19,2023-01-04,99.99999999999999,35.8139249354816,46.063376457144486,100.0,46.39126788259707,94.67983781348144,Green
Sensor_19,2023-01-05,99.99999999999999,52.55585964041648,57.595554418963765,97.36842105263158,51.74668190869565,93.45318872138363,Green
Sensor_19,2023-01-06,99.99999999999999,49.45798433898809,45.05513530378771,96.15384615384616,47.67476483879467,91.84375851335507,Green
Sensor_19,2023-01-07,99.99999999999999,50.04675565005818,64.57495404848493,100.0,59.684867004372066,96.0429289517126,Green
Sensor_2,2023-01-01,46.60588580913061,47.82387449146446,38.92391088774904,100.0,55.816232790322516,94.57464788456856,Green
Sensor_2,2023-01-02,97.68231231053441,57.11543907793196,47.489801004369646,95.83333333333333,54.11482724199005,92.06966351074281,Green
Sensor_2,2023-01-03,99.99999999999999,52.961763581334864,55.11945710111243,100.0,58.72130316193472,95.93219297419778,Green
Sensor_2,2023-01-04,99.99999999999999,46.329300730675335,43.59151797083229,100.0,53.066713570171,95.24216083944626,Green
Sensor_2,2023-01-05,99.99999999999999,50.91270209034668,42.303470915608976,100.0,52.36661003711287,95.40050679868929,Green
Sensor_2,2023-01-06,99.99999999999999,51.15174531351061,49.73323381102818,95.83333333333333,53.89767430378959,91.88104751220969,Green
Sensor_2,2023-01-07,99.99999999999999,44.60111562452194,53.35473818451681,93.75,51.869065964315105,89.7588823693935,Green
Sensor_20,2023-01-01,42.67757358928803,49.62423097631358,52.86864702118594,97.22222222222223,43.271383517531596,92.15089553299846,Green
Sensor_20,2023-01-02,96.99275599628946,48.520731479213055,44.665275425407145,100.0,63.91911004283934,95.57193825173528,Green
Sensor_20,2023-01-03,99.99999999999999,54.03213220035469,45.34651719682965,94.11764705882354,53.673518971735895,90.36413428717634,Green
Sensor_20,2023-01-04,99.99999999999999,63.568731711774426,48.4790543646794,100.0,52.93507630829527,96.11951769151295,Green
Sensor_20,2023-01-05,99.99999999999999,51.68920481305665,61.466679383232155,91.66666666666667,58.40296008835597,88.54184874807385,Green
Sensor_20,2023-01-06,99.99999999999999,51.63901484847651,46.601559175501706,95.83333333333333,48.04304307836831,91.69751512265758,Green
Sensor_20,2023-01-07,99.99999999999999,51.48427833648536,45.70007137033919,100.0,45.51302096435813,95.3490097319544,Green
Sensor_21,2023-01-01,33.51271516798223,45.085926489076144,46.40983283013807,94.44444444444444,48.71348841504161,89.31375384654785,Green
Sensor_21,2023-01-02,97.17685848519113,50.265843446355255,47.658536890589254,96.875,43.44891533966155,92.4543682163719,Green
Sensor_21,2023-01-03,99.99999999999999,39.81642851552127,68.90004694553215,100.0,54.08576382954486,95.56056001362926,Green
Sensor_21,2023-01-04,99.99999999999999,50.2229887881115,58.614330971686506,93.33333333333333,54.06101856371721,89.80678709586897,Green
Sensor_21,2023-01-05,99.99999999999999,55.411514373071086,62.261166102551925,100.0,34.27081479824958,95.65170331168972,Green
Sensor_21,2023-01-06,99.99999999999999,54.67439765461358,37.75190461115947,100.0,53.80087408411725,95.49523841928203,Green
Sensor_21,2023-01-07,99.99999999999999,41.24265198427274,43.606862258948894,100.0,47.97456661915297,94.90059157234823,Green
Sensor_22,2023-01-01,38.573105760651075,49.134388311182526,55.41067855163493,97.61904761904762,52.740301782356774,92.70561331755168,Green
Sensor_22,2023-01-02,95.4390529392669,45.50756337597372,51.662584035935865,100.0,53.19242580508207,95.33624163259553,Green
Sensor_22,2023-01-03,99.99999999999999,48.79589296672632,51.643985426414574,100.0,41.42904754720273,95.27413656199839,Green
Sensor_22,2023-01-04,99.99999999999999,59.21786407354127,48.27974840926486,95.0,60.41810562193407,91.6070590023126,Green
Sensor_22,2023-01-05,99.99999999999999,41.40917935299237,47.79876726130795,100.0,59.34617210363603,95.26289099040049,Green
Sensor_22,2023-01-06,99.99999999999997,51.47272140638831,45.64829122257976,97.61904761904762,58.72742854739894,93.5118546665421,Green
Sensor_22,2023-01-07,99.99999999999999,47.988557490620785,44.28859442032931,97.05882352941177,53.03851727284492,92.69387954239119,Green
Sensor_23,2023-01-01,42.681957296401755,50.03346976429605,45.98992896107556,100.0,42.899520227943015,94.49276436911764,Green
Sensor_23,2023-01-02,98.79692562378301,53.16337698072032,53.34850054390045,96.66666666666667,49.73530731409813,92.69156487935135,Green
Sensor_23,2023-01-03,99.99999999999999,52.80260995962912,47.74104006273724,100.0,48.69156936576071,95.52698478999129,Green
Sensor_23,2023-01-04,99.99999999999999,49.214013481737986,59.406030057496146,100.0,44.77148390350546,95.54804089472697,Green
Sensor_23,2023-01-05,99.99999999999999,45.9016217699833,41.51262889441555,90.9090909090909,49.57279708420859,86.94317473878091,Green
Sensor_23,2023-01-06,99.99999999999999,41.220725741612696,38.158784898714266,100.0,60.48927639917657,95.0575423909118,Green
Sensor_23,2023-01-07,99.99999999999999,53.74661400575305,44.94220315332549,100.0,41.80429482572227,95.34805220057584,Green
Sensor_24,2023-01-01,39.52276197962645,44.77476899017045,45.115358803131144,100.0,47.042741526037304,94.29172809544481,Green
Sensor_24,2023-01-02,98.93026262314663,51.867835926293246,57.72088841887255,97.05882352941177,46.7184731531892,93.01996076881379,Green
Sensor_24,2023-01-03,99.99999999999999,47.63318463904455,50.89929602491184,94.44444444444444,59.82823004966441,90.64039022070895,Green
Sensor_24,2023-01-04,99.99999999999999,45.9683219317155,62.99926160730146,100.0,48.967905011810686,95.58185017518018,Green
Sensor_24,2023-01-05,99.99999999999999,52.47060727120293,46.00335211450936,96.875,44.63722796445488,92.57759242046897,Green
Sensor_24,2023-01-06,99.99999999999999,38.35412063563422,63.821210285356315,100.0,54.4123916411592,95.38545075905004,Green
Sensor_24,2023-01-07,99.99999999999999,46.47710379022531,35.57531667578524,96.66666666666667,37.14858432464112,91.71299590320606,Green
Sensor_25,2023-01-01,43.58600959014982,55.11733321893689,41.05509063734431,100.0,53.737032628087974,94.86245346351606,Green
Sensor_25,2023-01-02,92.143000150332,56.858947503183714,59.10421601410728,100.0,50.49621215281897,95.90989547000638,Green
Sensor_25,2023-01-03,99.99999999999999,42.75899954931226,57.312716827434166,95.83333333333333,56.2488178780571,91.73606741178655,Green
Sensor_25,2023-01-04,99.99999999999999,48.789863466867104,65.9118787236695,100.0,49.18421691879247,95.77968969064881,Green
Sensor_25,2023-01-05,99.99999999999999,63.50269501152903,54.84729308184829,96.875,49.880487151869374,93.39206472567847,Green
Sensor_25,2023-01-06,99.99999999999999,48.956268570109685,51.4855083489644,96.875,33.17909935006473,92.28799712476062,Green
Sensor_25,2023-01-07,99.99999999999999,49.739653144574135,55.1887128085388,100.0,41.87596955905469,95.40824187261083,Green
Sensor_26,2023-01-01,46.01927717272543,62.80257217190505,64.66118678757718,100.0,61.714167450948736,95.96267360486908,Green
Sensor_26,2023-01-02,96.09165782322002,57.77759115876337,47.97200442525006,100.0,55.7170582671764,95.86274050545178,Green
Sensor_26,2023-01-03,99.99999999999999,54.68721536677407,48.06736150345075,100.0,45.25962009198449,95.54056113653614,Green
Sensor_26,2023-01-04,99.99999999999999,58.549230866729786,55.859681451593005,96.42857142857143,39.89678873216525,92.56816040334631,Green
Sensor_26,2023-01-05,99.99999999999999,56.64256278090713,60.21856440346757,100.0,51.3143677913711,96.04590097974483,Green
Sensor_26,2023-01-06,99.99999999999999,51.9620609072277,37.041167208131945,100.0,60.1894748934164,95.5030023861406,Green
Sensor_26,2023-01-07,99.99999999999999,50.35660521770627,47.61414276469212,96.875,56.397013874810945,92.7875107515143,Green
Sensor_27,2023-01-01,44.12221142359766,62.1130914007208,46.417281367621655,100.0,52.53663522253188,95.27750352376216,Green
Sensor_27,2023-01-02,95.57019110045374,44.02004369306419,42.61293969048536,93.75,42.96726431021427,89.22559481245789,Green
Sensor_27,2023-01-03,99.99999999999999,52.77994389715335,33.7338638822026,100.0,59.715430439811165,95.45218301951341,Green
Sensor_27,2023-01-04,99.99999999999999,46.63986539008602,33.81458032952655,95.0,57.19656263342023,90.63966821394946,Green
Sensor_27,2023-01-05,99.99999999999999,42.02332608365714,52.08364185274012,100.0,57.24572445409402,95.34165159577273,Green
Sensor_27,2023-01-06,99.99999999999999,43.65187038707056,55.222266394377556,96.15384615384616,59.76304211687347,92.09462707014721,Green
Sensor_27,2023-01-07,99.99999999999999,52.98288280347817,58.209163556333834,100.0,59.97704793703148,96.03305834663232,Green
Sensor_28,2023-01-01,42.598457013042704,57.46925033179842,64.29274707526177,100.0,48.69304259693549,95.37727347338858,Green
Sensor_28,2023-01-02,99.15737429163703,43.84779606525184,49.4194261932504,100.0,50.42096325339754,95.19557455073931,Green
Sensor_28,2023-01-03,99.99999999999999,44.935597996990715,60.36283345823087,93.33333333333333,48.75420560648112,89.49148638554938,Green
Sensor_28,2023-01-04,99.99999999999999,44.942447875868,50.20898431386357,100.0,41.71192967353487,95.07585550373776,Green
Sensor_28,2023-01-05,99.99999999999999,51.56772639289099,49.571521880976874,93.75,45.78005736002295,89.84336710741488,Green
Sensor_28,2023-01-06,99.99999999999999,47.250781535489494,61.72672787635573,100.0,49.11958453994648,95.61295091748634,Green
Sensor_28,2023-01-07,99.99999999999999,51.675637862174675,51.6778315855733,100.0,52.27591404406722,95.64915806135222,Green
Sensor_29,2023-01-01,38.19458120311437,54.18616579389854,57.33328767541025,100.0,41.03255629465165,94.83966519211927,Green
Sensor_29,2023-01-02,97.5958501146079,46.25016326588021,41.6126082761488,93.75,47.46024461141248,89.4297718220748,Green
Sensor_29,2023-01-03,99.99999999999997,48.52677906179123,52.99768214613573,100.0,53.07163201529866,95.55756864029237,Green
Sensor_29,2023-01-04,99.99999999999999,48.7555299554229,54.53983155990098,100.0,53.13613289250672,95.60487058401993,Green
Sensor_29,2023-01-05,99.99999999999999,48.28611222385374,58.05853868317702,96.66666666666667,49.1810126819472,92.58631784067056,Green
Sensor_29,2023-01-06,99.99999999999999,39.80979445111848,48.64076512478803,100.0,55.87492014994762,95.1324249115156,Green
Sensor_29,2023-01-07,99.99999999999999,42.56213528778799,44.83411272475558,100.0,50.058838466141836,95.03497988572704,Green
Sensor_3,2023-01-01,46.45429606110111,40.95713681195628,46.16866652054213,94.73684210526316,51.91666583134373,89.62616036186768,Green
Sensor_3,2023-01-02,99.99999999999999,47.72251681830525,47.51691479891951,100.0,53.01627460416876,95.39379074718921,Green
Sensor_3,2023-01-03,99.99999999999999,59.227585204419086,52.765033901150275,100.0,45.08623457727528,95.84733959096293,Green
Sensor_3,2023-01-04,99.99999999999999,52.85176089616782,42.972089156923374,93.75,54.12292461863445,89.93718788770141,Green
Sensor_3,2023-01-05,99.99999999999999,52.532153686014674,47.84497176474725,100.0,40.891190467831024,95.34039890333399,Green
Sensor_3,2023-01-06,99.99999999999999,49.10231074789452,58.17136724630955,100.0,54.69557177766337,95.73964853075121,Green
Sensor_3,2023-01-07,99.99999999999999,54.28352233828884,45.78093251296667,95.45454545454545,54.06013579379703,91.59305374604025,Green
Sensor_30,2023-01-01,43.23488157723687,58.47670013465054,44.37448922056463,97.36842105263158,45.14057409389831,92.52922289160794,Green
Sensor_30,2023-01-02,95.9557154859105,41.80058766249529,43.23788345441029,93.75,72.07187959128281,89.80646182956043,Green
Sensor_30,2023-01-03,99.99999999999999,45.95747989184918,41.07960166416407,97.05882352941177,55.39446381104381,92.58272271187985,Green
Sensor_30,2023-01-04,99.99999999999999,58.866404374949006,58.656242351850686,97.05882352941177,49.74200897353824,93.43547958856489,Green
Sensor_30,2023-01-05,99.99999999999999,49.94301251802283,54.48964900608804,95.83333333333333,70.94458722810492,92.3239295795812,Green
Sensor_30,2023-01-06,99.99999999999999,43.22316231444294,50.417246522334544,87.5,39.13228388684795,83.73576822797656,Green
Sensor_30,2023-01-07,99.99999999999999,42.85618153956013,64.53607862301124,96.875,48.20198372169661,92.65902173985694,Green
Sensor_31,2023-01-01,39.012477898128154,49.99951348989787,48.222192733177515,100.0,54.27373266931437,94.75357340927916,Green
Sensor_31,2023-01-02,99.7689684394054,56.80681125082514,42.08170091901455,100.0,47.936718845053875,95.55425813079447,Green
Sensor_31,2023-01-03,99.99999999999999,51.63387487949429,56.8152149170279,94.11764705882354,52.26158625833873,90.4905315718553,Green
Sensor_31,2023-01-04,99.99999999999999,36.36844058592333,54.7303057881577,100.0,50.97270398601295,95.00884211071362,Green
Sensor_31,2023-01-05,99.99999999999999,49.34117222055135,43.17396972070722,100.0,36.43083378771016,94.98918306605022,Green
Sensor_31,2023-01-06,99.99999999999999,46.98286096826108,51.705184235992284,95.0,49.858386742819384,90.90212839814563,Green
Sensor_31,2023-01-07,99.99999999999999,52.59715237215763,51.19293504554801,96.15384615384616,46.807210713243684,92.10571967151722,Green
Sensor_32,2023-01-01,27.57485673512908,43.73192314864352,56.61648783132125,100.0,46.17228493397647,94.33742703693162,Green
Sensor_32,2023-01-02,98.03489080467831,55.227694354446804,53.719655407871095,100.0,47.58628537493328,95.7227492799571,Green
Sensor_32,2023-01-03,99.99999999999999,47.73041918060639,42.64234328264175,100.0,61.82716749883896,95.48130889991445,Green
Sensor_32,2023-01-04,99.99999999999999,54.46775115816998,53.53805089833019,91.30434782608695,47.65535163488757,87.91346894181089,Green
Sensor_32,2023-01-05,99.99999999999999,50.9113734103015,51.46421210822492,100.0,60.70575638867341,95.80143118551543,Green
Sensor_32,2023-01-06,99.99999999999999,49.33443449330469,50.466114115379035,96.66666666666667,50.644335201613075,92.49062563097769,Green
Sensor_32,2023-01-07,99.99999999999999,59.20655383056972,41.92025600014261,96.42857142857143,50.93924732458155,92.52561366197355,Green
Sensor_33,2023-01-01,39.04155477726836,52.80483070353437,43.141698111545026,96.875,60.46013443858436,92.09921885551893,Green
Sensor_33,2023-01-02,99.66806699228536,55.16679472937331,50.998998725455756,97.5,54.65495642313216,93.59657223109714,Green
Sensor_33,2023-01-03,99.99999999999999,51.38201340836445,52.490345220543674,97.22222222222223,53.5532026235829,93.19277103896863,Green
Sensor_33,2023-01-04,99.99999999999999,47.211438463995016,39.05830093360446,100.0,56.77139067919949,95.26065029707148,Green
Sensor_33,2023-01-05,99.99999999999999,43.76652651176888,37.56787613791434,100.0,53.66425244018739,95.00236949275615,Green
Sensor_33,2023-01-06,99.99999999999999,51.50816102468203,46.66006727276366,94.44444444444444,57.190925443170045,90.6550226381754,Green
Sensor_33,2023-01-07,99.99999999999999,54.667504370507956,44.98341282104382,100.0,42.444767644170106,95.40452337278731,Green
Sensor_34,2023-01-01,48.697440843318056,49.719539930377984,46.3308197477017,95.83333333333333,59.0622715986651,91.19427069568125,Green
Sensor_34,2023-01-02,97.885541895662,47.14075046630364,58.80502913181245,97.5,57.193988959368845,93.454429904043,Green
Sensor_34,2023-01-03,99.99999999999999,52.999719319727056,56.57393766930692,100.0,51.438249546589425,95.80229695474273,Green
Sensor_34,2023-01-04,99.99999999999999,50.986920715485084,41.96368273488769,100.0,57.25447234054184,95.50683453085256,Green
Sensor_34,2023-01-05,99.99999999999999,51.70197431319443,59.696181105239205,100.0,55.90915213487402,95.91814687754128,Green
Sensor_34,2023-01-06,99.99999999999999,50.25962187050034,44.98161558153002,100.0,52.736084489768054,95.44174231316714,Green
Sensor_34,2023-01-07,99.99999999999999,39.969628757399015,59.10091293766175,100.0,36.47387864039023,94.94128370285272,Green
Sensor_35,2023-01-01,34.807878892492596,58.529964276902405,50.73726532554803,100.0,50.11009965755689,95.0427528280539,Green
Sensor_35,2023-01-02,95.02886730664837,49.81035189381209,49.09054606637344,97.5,34.922589726372976,92.8065812668062,Green
Sensor_35,2023-01-03,99.99999999999999,54.517596002838715,54.22821340700493,100.0,58.04034390246862,95.96538937518827,Green
Sensor_35,2023-01-04,99.99999999999999,46.188768204497265,44.89441308920105,100.0,41.3473411220318,95.00017787800363,Green
Sensor_35,2023-01-05,99.99999999999999,47.084606272478155,29.993580336344188,100.0,42.10405579302737,94.71268723434267,Green
Sensor_35,2023-01-06,99.99999999999999,51.22504527498443,38.40083622722007,96.875,63.7684285946514,92.78035901965161,Green
Sensor_35,2023-01-07,99.99999999999999,51.04128735708238,49.66811865751645,97.5,39.70715549811082,93.04736256716849,Green
Sensor_36,2023-01-01,22.301404198169863,54.815412927782894,50.66555115948914,100.0,54.06475558862974,94.80420516604659,Green
Sensor_36,2023-01-02,98.83074580443753,46.936240486294906,48.238818635190654,96.15384615384616,54.42141937710296,91.9430965648046,Green
Sensor_36,2023-01-03,99.99999999999999,49.583043868864245,52.79975655546377,100.0,49.26592581813478,95.51367508487952,Green
Sensor_36,2023-01-04,99.99999999999999,53.90908303893326,44.94740183262536,96.875,37.70701361449065,92.45999321882262,Green
Sensor_36,2023-01-05,99.99999999999999,58.36778510143901,48.96828606046651,100.0,37.14225988682818,95.54107438541836,Green
Sensor_36,2023-01-06,99.99999999999999,52.2497151924305,51.72934231617514,95.83333333333333,46.31813017371616,91.80413067488037,Green
Sensor_36,2023-01-07,99.99999999999999,53.2188388408848,59.58651063450525,97.22222222222223,56.641972767699315,93.50867204392006,Green
Sensor_37,2023-01-01,40.492909228428104,50.395710421003436,58.30530617781915,89.28571428571429,54.022193500859764,85.4092798691299,Green
Sensor_37,2023-01-02,97.67022288472515,55.41584611075092,47.919156949986444,100.0,51.84080534311789,95.68881847382711,Green
Sensor_37,2023-01-03,99.99999999999999,59.711138319472774,55.69446486174267,88.23529411764706,38.44639777021956,85.23551781276872,Green
Sensor_37,2023-01-04,99.99999999999999,63.80838576591105,40.799791482455575,100.0,43.81537797712507,95.74574866212228,Green
Sensor_37,2023-01-05,99.99999999999999,45.6076442914053,43.36651109497266,96.875,58.35610518481897,92.5223620165429,Green
Sensor_37,2023-01-06,99.99999999999999,55.819648460950795,32.962297213321904,100.0,61.75297973013664,95.61586350668314,Green
Sensor_37,2023-01-07,99.99999999999999,57.76495608026363,43.89167210851271,97.36842105263158,38.63333920299235,93.07071783482132,Green
Sensor_38,2023-01-01,44.27860051405985,45.306954508066525,44.67444501304148,100.0,58.63265714657923,94.62946125933749,Green
Sensor_38,2023-01-02,95.8650412831247,51.14895120950683,48.19749816857386,100.0,44.96814071955045,95.32615008152584,Green
Sensor_38,2023-01-03,99.99999999999999,45.27341299415368,44.02702984311714,100.0,40.10058113692961,94.91109707450126,Green
Sensor_38,2023-01-04,99.99999999999999,48.257439244752256,47.24997730670856,97.05882352941177,41.43731958497777,92.51114745332552,Green
Sensor_38,2023-01-05,99.99999999999999,60.75394550365798,48.46884746886484,100.0,44.19874606276662,95.79581141495555,Green
Sensor_38,2023-01-06,99.99999999999999,51.86437232569555,51.68317110776992,93.33333333333333,44.960535466092715,89.51314294842066,Green
Sensor_38,2023-01-07,99.99999999999999,39.006071123160304,57.70836764642878,100.0,44.51656962337792,95.04864507080013,Green
Sensor_39,2023-01-01,33.29530588532733,48.370594407935606,61.767687943846624,100.0,56.39602761867903,94.96868701787999,Green
Sensor_39,2023-01-02,97.4986071732762,54.783093695702334,47.619651424743786,100.0,51.058469968999425,95.63376922646461,Green
Sensor_39,2023-01-03,99.99999999999999,50.17592777985731,54.74719657894497,96.42857142857143,58.24320062134792,92.58592471177248,Green
Sensor_39,2023-01-04,99.99999999999999,42.23127178040635,35.077668570593694,96.66666666666667,62.16180592763377,92.07992786386849,Green
Sensor_39,2023-01-05,99.99999999999999,56.32846218055654,57.807621797564906,100.0,54.90141929946954,96.05754730501715,Green
Sensor_39,2023-01-06,99.99999999999999,47.08905845430099,43.55928998590901,100.0,54.895441645231415,95.31671737587168,Green
Sensor_39,2023-01-07,99.99999999999999,48.52667667736374,39.28585567597181,100.0,51.940806869586396,95.2148723066679,Green
Sensor_4,2023-01-01,35.60182157308477,42.34026982322738,42.362154236180004,100.0,40.68794808833479,93.92499272182653,Green
Sensor_4,2023-01-02,98.6083719370155,42.305838554716544,39.066776205717744,92.3076923076923,52.88038910306778,88.03791059942749,Green
Sensor_4,2023-01-03,99.99999999999999,52.574709681274626,44.288264254810905,96.875,42.82708735311585,92.50150766664368,Green
Sensor_4,2023-01-04,99.99999999999999,51.650812026046054,54.367606867349934,100.0,49.724199968086836,95.6523595338428,Green
Sensor_4,2023-01-05,99.99999999999999,46.83257650983257,53.2134091566687,100.0,34.221135779187726,95.05952519697942,Green
Sensor_4,2023-01-06,99.99999999999999,52.478508980560946,60.254067368958566,93.75,49.88311656401807,90.2239813218291,Green
Sensor_4,2023-01-07,99.99999999999999,56.0587317329964,55.00545762477074,100.0,50.74756917595057,95.88652132981234,Green
Sensor_40,2023-01-01,34.812658475185586,60.20263489946636,60.723846920151644,90.0,38.05304712983735,86.10677247325484,Green
Sensor_40,2023-01-02,97.65784375408481,57.48088818065287,48.578655221900014,100.0,43.22857827010675,95.60045601592202,Green
Sensor_40,2023-01-03,99.99999999999999,43.840906656362975,54.456624867314055,93.33333333333333,41.916345518199044,89.1510840854976,Green
Sensor_40,2023-01-04,99.99999999999999,47.18640215848551,49.13093745927111,100.0,39.29873705834024,95.09606581909087,Green
Sensor_40,2023-01-05,99.99999999999999,54.31840951383357,60.32210852466787,96.15384615384616,64.26744145117593,92.7894981785705,Green
Sensor_40,2023-01-06,99.99999999999999,56.32680648027856,51.78520131477409,100.0,70.76575364466353,96.2781065504172,Green
Sensor_40,2023-01-07,99.99999999999999,54.286187485182275,43.38798715250256,100.0,41.33866227450473,95.32557011799443,Green
Sensor_41,2023-01-01,42.658692100396095,52.144791432792864,44.90355501261513,100.0,42.148284650491604,94.54427994349794,Green
Sensor_41,2023-01-02,96.22416319889068,51.81420113368804,44.01746549499274,100.0,48.03191098747187,95.33324370768054,Green
Sensor_41,2023-01-03,99.99999999999999,48.563411559830946,63.73449184263969,100.0,63.25485928882974,96.03845668542209,Green
Sensor_41,2023-01-04,99.99999999999999,50.34386547882723,51.922842911933934,95.45454545454545,54.2557811122997,91.56414658346272,Green
Sensor_41,2023-01-05,99.99999999999999,57.39565583571029,51.84373605297592,95.0,34.492526149808526,91.02023749428261,Green
Sensor_41,2023-01-06,99.99999999999999,49.76794589112996,55.93439309303218,96.15384615384616,42.688846737566976,91.99599565371946,Green
Sensor_41,2023-01-07,99.99999999999999,48.37620920341853,52.2448673342402,100.0,57.28731493922895,95.62909277687298,Green
Sensor_42,2023-01-01,49.996551470449994,45.17421668961456,51.399128537307256,96.66666666666667,47.90751277986622,91.62017401375114,Green
Sensor_42,2023-01-02,94.7034450173798,41.68434132611274,50.28305379937631,95.45454545454545,46.34310368124957,90.89299802430773,Green
Sensor_42,2023-01-03,99.99999999999999,50.808479443563,35.499299367086884,93.75,43.178429636349364,89.42518294459104,Green
Sensor_42,2023-01-04,99.99999999999999,49.912501579388376,42.403136737520455,100.0,41.518077529453436,95.11219394881144,Green
Sensor_42,2023-01-05,99.99999999999999,53.70557275941077,47.319370000758845,100.0,49.64998689102133,95.57916802962892,Green
Sensor_42,2023-01-06,99.99999999999999,54.812939968497766,45.94146608879702,100.0,55.23984914477477,95.72340362790011,Green
Sensor_42,2023-01-07,99.99999999999999,50.32299336189815,47.110716954306014,94.11764705882354,41.26575359089825,89.9583608920058,Green
Sensor_43,2023-01-01,49.281403937849376,53.23206214038464,57.61928494905984,100.0,45.08741583062658,95.03875274928158,Green
Sensor_43,2023-01-02,96.58274294421322,42.131095677701204,48.24555430493986,96.42857142857143,50.70772575431808,91.86251195654042,Green
Sensor_43,2023-01-03,99.99999999999999,59.264665431929906,64.89212217232023,96.15384615384616,53.79320063846129,92.87771727978203,Green
Sensor_43,2023-01-04,99.99999999999999,57.83479210627739,65.58748742442134,96.66666666666667,49.12054539005843,93.18404373760468,Green
Sensor_43,2023-01-05,99.99999999999999,47.47776601141685,53.706324853720496,96.15384615384616,53.84368565636681,92.09558857128991,Green
Sensor_43,2023-01-06,99.99999999999999,55.66098786161136,50.83279775369333,100.0,64.03453286268504,96.07375249547373,Green
Sensor_43,2023-01-07,99.99999999999999,48.934171235212844,30.52720943824164,100.0,61.188347454282656,95.24027585872663,Green
Sensor_44,2023-01-01,45.0815632878484,55.936542410178305,43.0460358391795,97.72727272727273,51.01697618184157,92.86437489962726,Green
Sensor_44,2023-01-02,98.76539359457044,39.77511656370733,47.06532890542423,100.0,53.230225993025286,95.01854062296017,Green
Sensor_44,2023-01-03,99.99999999999999,53.70366327906441,51.69064768281253,100.0,47.19419135229153,95.62444441845713,Green
Sensor_44,2023-01-04,99.99999999999999,58.620786652568704,49.323628801099694,93.33333333333333,57.20027309249492,90.03697510303085,Green
Sensor_44,2023-01-05,99.99999999999999,44.4061993122044,52.448951734775136,100.0,46.192446428979046,95.20541848259754,Green
Sensor_44,2023-01-06,99.99999999999999,40.902845683662775,58.54926521559306,100.0,70.38543547023714,95.73934693435157,Green
Sensor_44,2023-01-07,99.99999999999999,43.26808313387963,60.017866557856664,100.0,44.29144713006329,95.28664168547452,Green
Sensor_45,2023-01-01,31.43829214035747,52.56345565373468,56.61819166254904,94.44444444444444,48.84021287199042,89.85874191854687,Green
Sensor_45,2023-01-02,98.22010280163882,45.46936978073762,49.370073127765814,100.0,38.96728761443299,94.9946993908654,Green
Sensor_45,2023-01-03,99.99999999999999,35.846524609336896,56.358993314130174,100.0,43.00923573519879,94.8426187317903,Green
Sensor_45,2023-01-04,99.99999999999999,45.22975382467116,39.55012487846039,100.0,60.24832660638618,95.26269024011884,Green
Sensor_45,2023-01-05,99.99999999999999,56.65755036332264,46.8159612342096,96.42857142857143,51.29992227363626,92.53353460367168,Green
Sensor_45,2023-01-06,99.99999999999999,54.86520630107637,53.09605566477133,95.45454545454545,28.69204516801855,91.21260941495031,Green
Sensor_45,2023-01-07,99.99999999999999,47.35102941486823,57.75375318099172,90.0,51.102839225879016,86.60265556359107,Green
Sensor_46,2023-01-01,28.870482599890522,59.565923011460455,52.047246477901666,93.18181818181819,50.45370331999893,88.93592023411406,Green
Sensor_46,2023-01-02,96.82102407134596,38.94920004541017,49.288291498061945,100.0,64.57637788216172,95.26549184663396,Green
Sensor_46,2023-01-03,99.99999999999999,48.35932998208576,59.970240225280406,95.83333333333333,47.57345809015911,91.84998732272054,Green
Sensor_46,2023-01-04,99.99999999999999,51.82279585436286,58.55001577402262,94.44444444444444,53.02087544794707,90.84934444271481,Green
Sensor_46,2023-01-05,99.99999999999999,48.23528565004592,30.733204154923868,100.0,35.82481707127116,94.63856190615728,Green
Sensor_46,2023-01-06,99.99999999999999,59.73369154337189,60.50647243010578,87.5,61.61753993706605,85.21401455282349,Green
Sensor_46,2023-01-07,99.99999999999999,51.235850199243245,59.63289657836992,96.15384615384616,36.11973760581953,91.99782845948393,Green
Sensor_47,2023-01-01,31.86175814314303,44.85930095797851,45.12682051391242,93.75,55.93420521581864,88.7937445716151,Green
Sensor_47,2023-01-02,95.46291073629169,45.384340353944516,55.17694462683616,100.0,56.30502902402941,95.48293121726437,Green
Sensor_47,2023-01-03,99.99999999999999,50.430059382404075,62.19751824576619,100.0,57.73876233711659,95.96087272120957,Green
Sensor_47,2023-01-04,99.99999999999999,52.09052072461111,54.43527278841841,100.0,56.595630864849014,95.82937344467223,Green
Sensor_47,2023-01-05,99.99999999999999,61.2459008622225,51.74770486924717,97.05882352941177,58.73630636855588,93.5856905506115,Green
Sensor_47,2023-01-06,99.99999999999999,50.892115061899936,58.18105000584973,100.0,57.24748405520689,95.87742734551306,Green
Sensor_47,2023-01-07,99.99999999999999,54.36355076320756,46.03892834013019,97.05882352941177,53.777290168615735,93.03486307133848,Green
Sensor_48,2023-01-01,39.07264895909982,44.34774122028588,58.78097312418542,100.0,42.667646771643795,94.48363896442719,Green
Sensor_48,2023-01-02,96.95510114054248,56.32005636126583,46.98690900666677,100.0,41.159435830481,95.45598337461811,Green
Sensor_48,2023-01-03,99.99999999999999,54.02747337278628,54.33386638859462,96.15384615384616,49.149936755659034,92.29515176168917,Green
Sensor_48,2023-01-04,99.99999999999999,55.582799931725496,54.66419372297036,92.85714285714286,51.372427352867994,89.4659888658006,Green
Sensor_48,2023-01-05,99.99999999999999,41.62141912669559,51.52281522118468,100.0,63.38414646347876,95.45004480937422,Green
Sensor_48,2023-01-06,99.99999999999999,51.232703693578515,47.498682003044046,95.83333333333333,47.53734576372933,91.68870122190562,Green
Sensor_48,2023-01-07,99.99999999999999,51.65266349457036,42.89743533314599,100.0,58.174584574407284,95.57892955665858,Green
Sensor_49,2023-01-01,36.9869288318253,47.02357199654166,48.24257317921518,100.0,57.60502765184254,94.6710358031389,Green
Sensor_49,2023-01-02,95.75162247688382,57.60082853294325,54.39882546439423,100.0,52.16599148745667,95.91853082638778,Green
Sensor_49,2023-01-03,99.99999999999999,48.487473160989445,57.86701835018571,100.0,56.87382715957555,95.75465828732784,Green
Sensor_49,2023-01-04,99.99999999999999,53.156600961747195,43.71501436609866,100.0,48.156627822113656,95.43751792272838,Green
Sensor_49,2023-01-05,99.99999999999999,51.46473432222131,47.53254392276244,93.18181818181819,53.7427733779267,89.46273292495991,Green
Sensor_49,2023-01-06,99.99999999999999,50.8302732129296,38.959908699649894,100.0,67.45717328945626,95.66185731255364,Green
Sensor_49,2023-01-07,99.99999999999999,51.46482521693452,43.72592212572122,100.0,49.7253031534867,95.39805360864223,Green
Sensor_5,2023-01-01,52.915651224164066,50.24710562726507,45.262026964880434,96.15384615384616,51.66038851120436,91.36695345339847,Green
Sensor_5,2023-01-02,97.12349750127906,54.559089100586704,44.76421598916078,100.0,41.13104121541937,95.327736934405,Green
Sensor_5,2023-01-03,99.99999999999999,51.27016475493145,70.34162415870942,100.0,41.84888264094587,95.82611050860179,Green
Sensor_5,2023-01-04,99.99999999999999,44.28039830680312,56.841762480510496,100.0,59.54314682073758,95.60424705038693,Green
Sensor_5,2023-01-05,99.99999999999999,49.43678335482398,46.88760516897209,100.0,48.841792500162,95.36084524283476,Green
Sensor_5,2023-01-06,99.99999999999999,49.58697320265814,64.55410609520445,100.0,54.97073524969069,95.91504216839398,Green
Sensor_5,2023-01-07,99.99999999999999,49.24702250932186,54.56133148308589,88.88888888888889,41.36487461770253,85.39589678117957,Green
Sensor_50,2023-01-01,33.043168994786264,52.60409296322392,52.92251168714138,100.0,57.77196965825556,94.98056957077911,Green
Sensor_50,2023-01-02,96.49421846448111,59.00374390894156,47.505809159910015,100.0,58.11121248747239,95.96603993103282,Green
Sensor_50,2023-01-03,99.99999999999997,52.852826362961736,48.580324672994344,100.0,49.4937846008533,95.56682370658079,Green
Sensor_50,2023-01-04,99.99999999999999,43.27951322545844,64.66265449620722,100.0,47.73997993159972,95.47277491031846,Green
Sensor_50,2023-01-05,99.99999999999999,48.47523794954269,57.84730805702774,100.0,54.21017102728407,95.69323318714707,Green
Sensor_50,2023-01-06,99.99999999999999,51.569383510395646,45.05973208592135,97.91666666666667,49.07498777285767,93.55048544229133,Green
Sensor_50,2023-01-07,99.99999999999999,51.37406558840258,47.24091524117804,95.83333333333333,42.972487264544604,91.58547997670244,Green
Sensor_51,2023-01-01,41.56718270549043,53.51030206188393,54.348227942860326,98.14814814814815,50.57881472962032,93.33988697789506,Green
Sensor_51,2023-01-02,97.72573337922596,54.89804372600379,41.009242594615515,100.0,57.614007244768615,95.63768296780364,Green
Sensor_51,2023-01-03,99.99999999999999,54.31170120727317,58.53446142689269,92.3076923076923,45.284830078613396,88.86806083929832,Green
Sensor_51,2023-01-04,99.99999999999999,50.968617522536306,58.453682901346895,96.42857142857143,46.801941447872316,92.44736373040203,Green
Sensor_51,2023-01-05,99.99999999999999,47.2282336153536,58.62534927539007,92.3076923076923,58.07266520637154,88.84496447850363,Green
Sensor_51,2023-01-06,99.99999999999999,48.31421430535941,46.858507735582606,100.0,49.357466044379436,95.32190437242296,Green
Sensor_51,2023-01-07,99.99999999999999,52.68917150755573,46.53233473275386,100.0,48.00541811760002,95.47842313765032,Green
Sensor_52,2023-01-01,38.328442278608044,48.576147458497104,54.73479407308094,100.0,51.63424610141379,94.77210359694732,Green
Sensor_52,2023-01-02,93.68965755966428,45.90947368653809,51.7251866101129,91.17647058823529,43.0994844979771,87.19122298341256,Green
Sensor_52,2023-01-03,99.99999999999999,41.59377769023262,38.71257532970814,95.83333333333333,52.06388171263321,91.15920326477992,Green
Sensor_52,2023-01-04,99.99999999999999,52.04887902832524,49.525643790199325,94.44444444444444,50.63852808232716,90.59670644622447,Green
Sensor_52,2023-01-05,99.99999999999999,58.450844367911,55.53368959134147,97.22222222222223,50.624285171628784,93.51133288093602,Green
Sensor_52,2023-01-06,99.99999999999999,56.680654425467736,50.47926908854974,95.45454545454545,44.907367838272904,91.60075461410405,Green
Sensor_52,2023-01-07,99.99999999999999,55.37624607368725,50.8510773403159,98.27586206896552,42.843231763470435,94.03459139053874,Green
Sensor_53,2023-01-01,41.4108146108414,53.4500173295701,40.35398584869868,100.0,50.34305429095283,94.66698978910856,Green
Sensor_53,2023-01-02,96.84624271188153,59.447234826742026,58.28792401576488,93.33333333333333,47.83419571807637,90.02789493859112,Green
Sensor_53,2023-01-03,99.99999999999999,53.61204282811078,51.83101031207852,100.0,56.6494897899421,95.83810424900305,Green
Sensor_53,2023-01-04,99.99999999999999,50.62018952011348,39.75567232686878,100.0,34.56329560388348,94.92471138802912,Green
Sensor_53,2023-01-05,99.99999999999999,56.48565076079789,52.421521791836554,100.0,43.926076177474705,95.69103413533348,Green
Sensor_53,2023-01-06,99.99999999999999,52.12506705431871,66.17286905506586,94.44444444444444,41.855552419524,90.78576687746782,Green
Sensor_53,2023-01-07,99.99999999999999,46.17818500800513,57.16827219229064,100.0,33.99094814761348,95.11661882012709,Green
Sensor_54,2023-01-01,33.77711652428234,34.14039092800284,49.13945090912346,95.83333333333333,73.75774539727712,90.70675129602132,Green
Sensor_54,2023-01-02,98.09601097405988,47.42155293932364,42.04997564956542,100.0,43.22325314756906,95.00728583351167,Green
Sensor_54,2023-01-03,99.99999999999999,51.050048127010974,47.808243443123146,97.05882352941177,46.85648407246214,92.77128903103122,Green
Sensor_54,2023-01-04,99.99999999999999,50.35797557925702,50.77052637515609,96.42857142857143,63.370820502742156,92.6184003831717,Green
Sensor_54,2023-01-05,99.99999999999999,47.75650755271972,60.33901340804427,95.0,51.64186410399518,91.17664957874123,Green
Sensor_54,2023-01-06,99.99999999999999,48.81755752938295,53.23301377851726,100.0,52.22682856958004,95.5567882896353,Green
Sensor_54,2023-01-07,99.99999999999999,46.348158579746496,57.20914906993671,95.83333333333333,48.39901903673255,91.71535607690743,Green
Sensor_55,2023-01-01,41.95036028570782,53.63727522709456,48.33486467479375,100.0,43.71900228629996,94.7165464598892,Green
Sensor_55,2023-01-02,94.19279999410413,50.794708152864864,55.73526452496462,96.66666666666667,59.20580466292766,92.79678969117009,Green
Sensor_55,2023-01-03,99.99999999999999,49.62884712470822,55.64893045055725,97.22222222222223,55.665467429804465,93.23568475786709,Green
Sensor_55,2023-01-04,99.99999999999999,42.24998670075493,36.535865596068916,100.0,50.15759562355933,94.831457694174,Green
Sensor_55,2023-01-05,99.99999999999999,52.28771968993657,45.02825981458359,97.05882352941177,41.51150743856531,92.64085051635722,Green
Sensor_55,2023-01-06,99.99999999999999,46.574676887207985,40.85692816869491,96.15384615384616,53.20328795081673,91.74376589708655,Green
Sensor_55,2023-01-07,99.99999999999999,56.246446757283955,37.08672527315372,96.42857142857143,54.13062098841663,92.3544949701347,Green
Sensor_56,2023-01-01,39.212584647467764,45.81329297586306,55.13922500616086,100.0,52.88896629294712,94.69834240675713,Green
Sensor_56,2023-01-02,97.08940803386699,42.12011649485656,40.92665530581382,96.15384615384616,56.81853240270976,91.59158444985165,Green
Sensor_56,2023-01-03,99.99999999999999,48.067533607260685,50.835036876183274,100.0,53.35115310575688,95.49346452946885,Green
Sensor_56,2023-01-04,99.99999999999999,33.15536890646946,60.54486229793856,100.0,51.18971396340859,95.00519132313234,Green
Sensor_56,2023-01-05,99.99999999999999,56.45947836118096,45.8263273990857,100.0,51.38781670582301,95.70664669480497,Green
Sensor_56,2023-01-06,99.99999999999999,50.82845561643383,52.050624033314406,100.0,55.82321489836232,95.70053928238848,Green
Sensor_56,2023-01-07,99.99999999999999,48.78481970207491,49.538878936666265,100.0,41.40487080547669,95.2244218460947,Green
Sensor_57,2023-01-01,31.974710871680465,47.778056943907586,53.80588455620011,95.0,48.66627186168739,90.08190337452622,Green
Sensor_57,2023-01-02,94.63820119062595,45.29943203856151,42.11276348314858,100.0,54.86926174575933,95.1338829646051,Green
Sensor_57,2023-01-03,99.99999999999999,36.91601414265952,52.31025281346835,100.0,53.721826750683405,95.03962299621098,Green
Sensor_57,2023-01-04,99.99999999999999,46.47159180954244,43.79733934882982,97.05882352941177,53.256698121616296,92.61994947842936,Green
Sensor_57,2023-01-05,99.99999999999999,41.97870704035309,49.74722161392151,96.42857142857143,47.07069024022052,91.85200782308418,Green
Sensor_57,2023-01-06,99.99999999999999,43.9512262735425,42.73419174514507,96.875,54.67407483121287,92.35048733259838,Green
Sensor_57,2023-01-07,99.99999999999999,35.15219155333769,35.60263255410446,100.0,59.67161033012009,94.70977802424487,Green
Sensor_58,2023-01-01,35.037150824560186,42.72750911770112,61.33900666971003,92.85714285714286,47.90541197702749,88.13181732067166,Green
Sensor_58,2023-01-02,96.06268577330628,42.87121823146394,48.45462399599369,96.42857142857143,59.73984899941292,92.09847615529783,Green
Sensor_58,2023-01-03,99.99999999999999,54.598332418252575,48.264665790636194,88.88888888888889,54.199254896504115,85.77964394207997,Green
Sensor_58,2023-01-04,99.99999999999999,46.85085261004148,45.68140613247841,97.05882352941177,39.97699767297171,92.37914449513544,Green
Sensor_58,2023-01-05,99.99999999999999,49.201739722211585,39.74420558451239,100.0,50.281175562566986,95.21786889660935,Green
Sensor_58,2023-01-06,99.99999999999999,48.02789045676338,50.08999563737967,100.0,62.450117620854265,95.68088255745694,Green
Sensor_58,2023-01-07,99.99999999999999,39.71912056650559,41.1883647222654,100.0,44.76400621779539,94.70402771849365,Green
Sensor_59,2023-01-01,48.18207659436089,41.89365531181009,40.188963376052364,100.0,42.478417737914945,94.05769806482832,Green
Sensor_59,2023-01-02,99.86614937850467,55.386479586270355,40.82340816182275,100.0,71.81185905569191,96.00480300985609,Green
Sensor_59,2023-01-03,99.99999999999999,53.970450061532574,49.45352500460829,100.0,63.60889841064977,95.95695939301413,Green
Sensor_59,2023-01-04,99.99999999999999,55.11208502478648,51.53939258437989,95.0,56.44467901714089,91.40954012733825,Green
Sensor_59,2023-01-05,99.99999999999999,54.97922500548658,37.303232808812055,100.0,47.205572124826475,95.34881866850532,Green
Sensor_59,2023-01-06,99.99999999999999,50.4917157915466,41.77659108538271,96.42857142857143,55.38611420219686,92.23526695136847,Green
Sensor_59,2023-01-07,99.99999999999999,55.81949729901135,41.40194956926448,100.0,37.634816363316276,95.26387677990668,Green
Sensor_6,2023-01-01,48.17437645306297,52.21962641337944,39.3080318119752,100.0,63.70871604891992,94.97845142400882,Green
Sensor_6,2023-01-02,92.51811472578687,60.00943192219131,36.43030862103942,94.44444444444444,56.03729057020209,90.67424531410072,Green
Sensor_6,2023-01-03,99.99999999999999,56.881685408832276,55.54835333031995,100.0,50.90400198925488,95.93925266839574,Green
Sensor_6,2023-01-04,99.99999999999999,52.99910946113452,41.670542706467764,95.65217391304348,39.86437694135345,91.29604677203079,Green
Sensor_6,2023-01-05,99.99999999999999,48.18087694893894,35.09257694236509,100.0,64.79683789322378,95.3941631264917,Green
Sensor_6,2023-01-06,99.99999999999999,49.20954514566439,56.06631691235904,100.0,52.40022665189565,95.6436798181803,Green
Sensor_6,2023-01-07,99.99999999999999,42.31274119674323,44.95928029206065,100.0,40.72995258040951,94.81514846637486,Green
Sensor_60,2023-01-01,42.7829791148203,55.54437587350985,49.718953494809746,96.15384615384616,37.86550382965613,91.26219800248512,Green
Sensor_60,2023-01-02,96.2895120536932,51.48530403880586,55.2466139357913,100.0,54.859473451705256,95.7339652214132,Green
Sensor_60,2023-01-03,99.99999999999999,57.451894118669856,47.08272143573886,100.0,47.397955784848584,95.68935982641135,Green
Sensor_60,2023-01-04,99.99999999999999,53.30463176636631,56.1551780476467,100.0,42.50665606394956,95.6035740700253,Green
Sensor_60,2023-01-05,99.99999999999999,49.04030638585143,45.72707936275888,98.21428571428571,47.531675344422474,93.6852365934091,Green
Sensor_60,2023-01-06,99.99999999999999,44.6535064526226,51.655962540214105,96.42857142857143,61.72059999752829,92.34752928698991,Green
Sensor_60,2023-01-07,99.99999999999999,51.47650464682056,47.083945900737945,100.0,46.10197216574728,95.39402138867686,Green
Sensor_61,2023-01-01,46.593454536179124,39.96039351153025,49.04994244466933,100.0,44.49276199660228,94.20173830053841,Green
Sensor_61,2023-01-02,97.58696844109859,51.98259346975914,54.385982428818885,95.0,60.98442123540924,91.4079314998856,Green
Sensor_61,2023-01-03,99.99999999999999,46.78429599751555,45.35371161992472,95.83333333333333,54.444330916094465,91.59778958776899,Green
Sensor_61,2023-01-04,99.99999999999999,52.15297792124143,50.931923667911875,96.15384615384616,39.7227446552993,91.91920385379659,Green
Sensor_61,2023-01-05,99.99999999999999,47.39751577528009,60.657681399780294,100.0,46.11572622012889,95.52662185970573,Green
Sensor_61,2023-01-06,99.99999999999999,57.212473425861155,48.55485552063165,97.05882352941177,52.8661629547604,93.19917339197322,Green
Sensor_61,2023-01-07,99.99999999999999,31.030671676484804,42.0669412941068,91.66666666666667,44.33569041878911,86.85466015583552,Green
Sensor_62,2023-01-01,32.51170329741096,51.329987715423975,51.90457364713004,100.0,48.30457734228065,94.67870239173806,Green
Sensor_62,2023-01-02,98.80746642342186,41.84528939208933,51.17688015539473,96.875,57.25502355745338,92.49513087974998,Green
Sensor_62,2023-01-03,99.99999999999999,46.05017889733864,46.965158522159854,100.0,46.64032505583425,95.16195891998548,Green
Sensor_62,2023-01-04,99.99999999999999,47.62998966087557,54.4531606876193,90.625,54.2501364911956,87.17064629105673,Green
Sensor_62,2023-01-05,99.99999999999999,60.336765820595524,47.05304257185614,100.0,64.13762375280481,96.19681833284278,Green
Sensor_62,2023-01-06,99.99999999999999,47.933494310381334,54.55006732021982,100.0,48.507740845026966,95.46352343600125,Green
Sensor_62,2023-01-07,99.99999999999999,47.317862226387234,66.4705664276858,90.9090909090909,46.706609384167116,87.51826011205725,Green
Sensor_63,2023-01-01,36.47134050767874,47.326049174777474,63.55236695558308,100.0,39.6900821999071,94.62543890187534,Green
Sensor_63,2023-01-02,99.81902562737274,49.57758137615933,64.95190950363795,100.0,66.87974976479423,96.1916432124563,Green
Sensor_63,2023-01-03,99.99999999999999,48.262646812528395,66.08473115979754,100.0,47.4199196459385,95.72019673636781,Green
Sensor_63,2023-01-04,99.99999999999999,44.38954120235633,40.890604295139845,100.0,70.5752390477952,95.49055094406158,Green
Sensor_63,2023-01-05,99.99999999999999,40.41803160274233,68.58281835653487,100.0,29.71098060409112,95.02706332359394,Green
Sensor_63,2023-01-06,99.99999999999999,53.30345663759309,60.245221529164354,100.0,53.37607487285293,95.94466171455358,Green
Sensor_63,2023-01-07,99.99999999999999,53.246902773204816,38.19249985454938,100.0,66.8143328790155,95.73709619266624,Green
Sensor_64,2023-01-01,37.32955367723712,51.19682922993094,45.182211781993196,100.0,41.22642305997894,94.41890007054435,Green
Sensor_64,2023-01-02,97.84737357136706,43.90810987666194,47.28196541551281,97.36842105263158,54.32476059634081,92.86053322035197,Green
Sensor_64,2023-01-03,99.99999999999999,45.69615073966785,48.7388022884032,100.0,38.72357994507835,95.00761983687265,Green
Sensor_64,2023-01-04,99.99999999999999,45.34376860081498,58.329643017907024,89.28571428571429,47.73215361643865,85.80959994917093,Green
Sensor_64,2023-01-05,99.99999999999999,37.25848955407423,52.1633360562634,100.0,58.78768368339529,95.16638825112007,Green
Sensor_64,2023-01-06,99.99999999999999,40.24059097570926,62.56613321683094,97.05882352941177,35.94186747236193,92.38378361576808,Green
Sensor_64,2023-01-07,99.99999999999999,49.06501701570466,53.26294242193502,100.0,49.991883957227515,95.51779533525087,Green
Sensor_65,2023-01-01,40.00971015218218,48.53308656428255,56.48658874828141,100.0,49.66078613722252,94.7876024687281,Green
Sensor_65,2023-01-02,95.25995869470354,50.396687467903064,60.40253691351523,100.0,54.2801218728637,95.77830541731612,Green
Sensor_65,2023-01-03,99.99999999999999,57.255479782253694,64.85530434155527,100.0,47.96492399613595,96.10440918066267,Green
Sensor_65,2023-01-04,99.99999999999999,47.877656867281395,42.132007538444114,100.0,40.62958536358661,94.99519772960372,Green
Sensor_65,2023-01-05,99.99999999999999,41.12279689148363,58.2072384249275,100.0,52.22683049076444,95.32930273904105,Green
Sensor_65,2023-01-06,99.99999999999999,50.485439155711255,46.11944141852934,100.0,52.04813066289537,95.46249572039723,Green
Sensor_65,2023-01-07,99.99999999999999,53.913333677717326,48.40158851072752,96.15384615384616,50.5222113627119,92.18403760993104,Green
Sensor_66,2023-01-01,41.91220085222887,50.0272055659341,53.949982150026464,100.0,51.96436721384274,94.87224413413622,Green
Sensor_66,2023-01-02,96.8980099399927,43.9923972022423,48.14029916988349,100.0,54.96987408429765,95.24649372162848,Green
Sensor_66,2023-01-03,99.99999999999999,49.58858817982997,41.72591920025287,97.05882352941177,41.87247492547126,92.4525440318353,Green
Sensor_66,2023-01-04,99.99999999999999,45.50340589067774,48.59634382054835,100.0,39.025534231748985,95.00259660741834,Green
Sensor_66,2023-01-05,99.99999999999999,49.38183394251859,58.12764944538415,100.0,64.2055810055195,95.96681302343889,Green
Sensor_66,2023-01-06,99.99999999999999,61.82655025122157,47.304559421725834,100.0,60.171010348768945,96.17896260315136,Green
Sensor_66,2023-01-07,99.99999999999999,54.82396093949428,54.676231451961954,92.85714285714286,47.73686804067791,89.3500186067703,Green
Sensor_67,2023-01-01,28.638379150370216,54.23182142029184,55.65888762067477,85.71428571428571,48.00352005811281,82.0266307115546,Green
Sensor_67,2023-01-02,95.59649078296272,55.11571892872708,50.198725358967216,100.0,54.98993044359057,95.7728648650593,Green
Sensor_67,2023-01-03,99.99999999999999,51.757043382811766,43.08643644068737,96.42857142857143,47.32189277035088,92.138936941523,Green
Sensor_67,2023-01-04,99.99999999999999,48.00818207235757,49.827995406715424,100.0,68.46523185737489,95.81039973009979,Green
Sensor_67,2023-01-05,99.99999999999999,44.42838744277967,45.289431884710616,100.0,54.697845055160265,95.23381077450499,Green
Sensor_67,2023-01-06,99.99999999999999,59.05502348301361,53.62231229160655,100.0,47.28875928315819,95.90944446924473,Green
Sensor_67,2023-01-07,99.99999999999999,48.53885395333963,53.40933097396152,96.875,45.73364076010387,92.59869813081305,Green
Sensor_68,2023-01-01,41.01700849481846,45.69032094899012,50.878851880752684,93.75,51.56152806772853,88.98258783664346,Green
Sensor_68,2023-01-02,97.9465781677626,49.014319865633524,50.72011910655052,92.10526315789474,45.215483426895304,88.24200486127597,Green
Sensor_68,2023-01-03,99.99999999999999,58.86388135410765,43.36859287477599,100.0,47.332303583065716,95.66484222278571,Green
Sensor_68,2023-01-04,99.99999999999999,58.518592163029126,46.64252712643005,100.0,49.171095085721994,95.76688457314434,Green
Sensor_68,2023-01-05,99.99999999999999,51.35559855767586,63.28634937748699,96.66666666666667,44.2440127117901,92.73182207580483,Green
Sensor_68,2023-01-06,99.99999999999999,43.387339073804,49.02190606454831,94.73684210526316,44.12819691302331,90.31406255533824,Green
Sensor_68,2023-01-07,99.99999999999999,50.40614359335766,34.14781815295603,100.0,39.28605950902424,94.89265706381038,Green
Sensor_69,2023-01-01,31.634110801851005,52.969863625645054,49.70575481114632,100.0,41.56389714011891,94.53662617751652,Green
Sensor_69,2023-01-02,97.5264233343082,51.35297991410091,30.41134036228503,100.0,52.15726553150332,95.10849455768839,Green
Sensor_69,2023-01-03,99.99999999999999,47.231030131114736,48.05177797269195,96.66666666666667,47.501746424507736,92.26988949787032,Green
Sensor_69,2023-01-04,99.99999999999997,49.250799995920055,47.538141400383964,100.0,53.814952763998384,95.4804241010325,Green
Sensor_69,2023-01-05,99.99999999999997,51.624775932941375,46.22118155372056,97.61904761904762,44.8695054080461,93.21750322384466,Green
Sensor_69,2023-01-06,99.99999999999999,60.37289765306494,49.035323430512236,83.33333333333333,30.104097839743158,80.52573641700424,Green
Sensor_69,2023-01-07,99.99999999999999,42.99916190767325,42.17889561335365,97.22222222222223,48.101176584929824,92.45755055048159,Green
Sensor_7,2023-01-01,37.84358072122452,52.48117417060738,39.68651072914914,96.15384615384616,40.61465722891212,90.89256094246227,Green
Sensor_7,2023-01-02,97.596899032099,42.42832197614502,52.36703009392814,100.0,49.817090402870164,95.16672608293383,Green
Sensor_7,2023-01-03,99.99999999999999,51.669675419737814,57.893473942941434,100.0,51.907298429690044,95.78424614708238,Green
Sensor_7,2023-01-04,99.99999999999999,53.12925996338185,43.14553602220603,97.22222222222223,47.48273717732051,92.91676716070431,Green
Sensor_7,2023-01-05,99.99999999999999,47.80458629551498,44.34079433871761,96.42857142857143,52.20191049520533,92.10271660562809,Green
Sensor_7,2023-01-06,99.99999999999999,60.5327371241553,58.726733095382706,96.15384615384616,33.50256056649991,92.33131508573395,Green
Sensor_7,2023-01-07,99.99999999999999,54.58340299954786,42.8532191453035,97.05882352941177,52.02872734904978,92.93132419263586,Green
Sensor_70,2023-01-01,31.031844420191007,37.33742998650023,31.008644328498892,100.0,48.6743744890017,93.56204675531839,Green
Sensor_70,2023-01-02,97.18378103003926,44.51683147150208,36.059751300729374,95.45454545454545,54.653183449079684,90.91070415318961,Green
Sensor_70,2023-01-03,99.99999999999999,44.99106237753278,50.15326288993385,97.22222222222223,47.395189312641115,92.71457574640573,Green
Sensor_70,2023-01-04,99.99999999999999,47.430224230914206,43.16377014284617,96.66666666666667,52.02353802117747,92.26831363790185,Green
Sensor_70,2023-01-05,99.99999999999999,50.269783414473345,71.31525464403443,100.0,51.67084836458165,96.02690523175282,Green
Sensor_70,2023-01-06,99.99999999999999,55.78623923576681,42.589036090508266,100.0,65.37973828053708,95.91923453264205,Green
Sensor_70,2023-01-07,99.99999999999999,50.420050152841654,38.58720547879945,90.0,52.55548029477582,86.3290512793147,Green
Sensor_71,2023-01-01,41.95601174372676,55.51296900841543,52.60687972787199,100.0,50.7507578657047,95.05839779042434,Green
Sensor_71,2023-01-02,96.9304708381251,50.08150059974993,49.471239608816234,100.0,38.890466795909894,95.18395494939145,Green
Sensor_71,2023-01-03,99.99999999999999,50.11319928245213,48.42562241144069,94.11764705882354,47.14265097030674,90.11274237674732,Green
Sensor_71,2023-01-04,99.99999999999999,59.53354911427348,47.81682264819603,96.42857142857143,51.492099193278435,92.68904772008747,Green
Sensor_71,2023-01-05,99.99999999999999,46.91868651205964,49.06391852737068,100.0,50.14265147877137,95.32859319114971,Green
Sensor_71,2023-01-06,99.99999999999999,55.939718155808634,57.890321895977955,90.0,59.48506605581419,87.17824993435649,Green
Sensor_71,2023-01-07,99.99999999999999,48.75069689852491,46.44857294011981,100.0,46.853221109301174,95.27504553905153,Green
Sensor_72,2023-01-01,46.10787938103571,45.37152175333665,46.225372817918974,96.15384615384616,64.24187962975154,91.3698403729634,Green
Sensor_72,2023-01-02,97.71863337852585,50.51666125671881,42.09903466695225,97.36842105263158,38.234027617724834,92.66816880276485,Green
Sensor_72,2023-01-03,99.99999999999999,53.12087039152145,48.993249840162974,100.0,39.62966203790567,95.36453533026234,Green
Sensor_72,2023-01-04,99.99999999999999,53.23920420566406,43.42950947468571,100.0,50.72652253542016,95.49289111192982,Green
Sensor_72,2023-01-05,99.99999999999999,53.08877082605846,41.05118279670879,100.0,55.76966007329415,95.54560764196826,Green
Sensor_72,2023-01-06,99.99999999999999,43.53400978606181,53.730975821866316,96.15384615384616,27.864019122455602,91.33127390755703,Green
Sensor_72,2023-01-07,99.99999999999999,55.77248378104805,50.791570564282665,100.0,44.597971209991286,95.63684554645033,Green
Sensor_73,2023-01-01,42.8018963445869,47.55062720652977,55.684230162693446,97.05882352941177,41.87161356212708,91.94701450580531,Green
Sensor_73,2023-01-02,97.43089659334248,46.68679559378484,49.00347262378448,88.23529411764706,55.26485967480487,84.8494896243118,Green
Sensor_73,2023-01-03,99.99999999999999,52.38274382616702,57.18853141628117,100.0,58.891136950324345,95.95811345743114,Green
Sensor_73,2023-01-04,99.99999999999999,44.16224817778944,53.08755053399107,96.66666666666667,57.691410411526896,92.48088305365033,Green
Sensor_73,2023-01-05,99.99999999999999,48.69947226575633,40.7482890909815,100.0,49.25949162929717,95.19555192971917,Green
Sensor_73,2023-01-06,99.99999999999999,42.26680509946558,54.50468254635499,100.0,45.49767580628971,95.1419639528188,Green
Sensor_73,2023-01-07,99.99999999999999,48.5063528067613,52.23323984699971,95.83333333333333,49.58530472555145,91.72327822945579,Green
Sensor_74,2023-01-01,44.96012947004918,51.89903103584498,41.88609618976135,100.0,50.274902370233384,94.67759986234827,Green
Sensor_74,2023-01-02,97.02039055841632,48.62678205109524,53.484600196872094,95.45454545454545,48.52497741143978,91.35540555931053,Green
Sensor_74,2023-01-03,99.99999999999999,52.63803106560139,45.72436188090439,100.0,44.44355142403477,95.3766646529054,Green
Sensor_74,2023-01-04,99.99999999999999,44.85821730863886,40.52904230682437,100.0,52.314210727326866,95.08880246705151,Green
Sensor_74,2023-01-05,99.99999999999999,50.326356283402056,45.906134839319066,93.33333333333333,45.22930374664497,89.3172078694958,Green
Sensor_74,2023-01-06,99.99999999999999,40.95257888410455,61.99758006568984,100.0,61.14672272067574,95.61171180749909,Green
Sensor_74,2023-01-07,99.99999999999999,50.28508103160616,56.65025882084828,100.0,58.923086812178425,95.85302453179696,Green
Sensor_75,2023-01-01,35.83784373500627,45.86085060095499,39.976177804143305,100.0,59.2941564934921,94.45165127687959,Green
Sensor_75,2023-01-02,96.67807529760178,45.65608624845765,52.152718662902224,95.83333333333333,55.789093970599104,91.69244767484456,Green
Sensor_75,2023-01-03,99.99999999999999,49.86237884510652,54.00993184309265,97.22222222222223,43.4540340495581,92.93116798777955,Green
Sensor_75,2023-01-04,99.99999999999999,48.73730454852158,68.41655681642621,100.0,42.009244398196834,95.67249885688065,Green
Sensor_75,2023-01-05,99.99999999999999,38.56429405556066,31.616031187184536,95.0,48.59908566719746,90.03435377098032,Green
Sensor_75,2023-01-06,99.99999999999999,45.41286775867809,38.64230325381929,97.05882352941177,50.0944984295975,92.38189838336197,Green
Sensor_75,2023-01-07,99.99999999999999,61.15861686676156,42.88510376444066,100.0,50.89469491915049,95.83661547279647,Green
Sensor_76,2023-01-01,36.52035351551069,49.21350883534158,52.536592710125944,100.0,54.206517308773506,94.78468438815567,Green
Sensor_76,2023-01-02,96.6698466180262,57.83622701021749,42.11536392232629,100.0,55.88774520577018,95.7412630589224,Green
Sensor_76,2023-01-03,99.99999999999999,50.532272197785495,41.142017163319814,100.0,48.709768049955,95.27376393771347,Green
Sensor_76,2023-01-04,99.99999999999999,49.752686598194636,54.43954449423862,100.0,54.98995140218282,95.68898940214332,Green
Sensor_76,2023-01-05,99.99999999999999,52.92598596626808,56.64461789884463,96.66666666666667,45.100219775659646,92.66757641451201,Green
Sensor_76,2023-01-06,99.99999999999999,39.074929205014165,61.75033493302263,91.66666666666667,54.021513074408496,87.88754708641476,Green
Sensor_76,2023-01-07,99.99999999999999,43.75215146996708,56.11181925758007,87.5,61.24476049801556,84.39260063441834,Green
Sensor_77,2023-01-01,39.27873774369223,47.93328585472114,45.41860591638337,100.0,59.92436101194016,94.72839845799257,Green
Sensor_77,2023-01-02,95.84318746752598,61.7265337112475,50.323741168015914,93.33333333333333,46.81640609103549,89.90918084031942,Green
Sensor_77,2023-01-03,99.99999999999999,50.225078908389555,46.614601094251114,96.42857142857143,57.41509596066184,92.3812885070944,Green
Sensor_77,2023-01-04,99.99999999999999,47.527571305451346,70.80909985634422,100.0,54.71573714695816,95.9622179340071,Green
Sensor_77,2023-01-05,99.99999999999999,43.66702052767552,55.50770549383339,94.11764705882354,40.5643032554126,89.84033963410181,Green
Sensor_77,2023-01-06,99.99999999999999,52.62609279282612,51.53230072018801,97.36842105263158,57.44516209352175,93.44539226550792,Green
Sensor_77,2023-01-07,99.99999999999999,49.17047774349488,42.4846572913735,100.0,35.07376464886323,94.93486240083513,Green
Sensor_78,2023-01-01,47.36623860779622,46.66849812711242,59.26057847560031,96.42857142857143,55.75205242156661,91.79896945359268,Green
Sensor_78,2023-01-02,98.1537297480757,46.17774757184419,52.5968235028832,93.75,38.864332377531696,89.49271713912817,Green
Sensor_78,2023-01-03,99.99999999999999,41.664730294286784,54.918897007175374,100.0,47.298746931451504,95.16559972169688,Green
Sensor_78,2023-01-04,99.99999999999999,45.774664637669495,57.66869122962687,97.72727272727273,47.22932199442004,93.3723837047719,Green
Sensor_78,2023-01-05,99.99999999999999,43.66331433713685,56.056321566863524,100.0,62.45304819021441,95.62463052652629,Green
Sensor_78,2023-01-06,99.99999999999999,57.79756852077762,52.502378892209045,100.0,53.3105317855443,95.96418320970925,Green
Sensor_78,2023-01-07,99.99999999999999,46.27086234078757,49.096010188374464,97.05882352941177,45.52495530832794,92.55813475595423,Green
Sensor_79,2023-01-01,28.227721298951653,51.695671686007316,47.835349734622305,97.22222222222223,65.34924610615643,92.44122989405983,Green
Sensor_79,2023-01-02,98.57028393011747,42.92666790784332,41.62208463282459,100.0,55.103873239334774,95.07294895590408,Green
Sensor_79,2023-01-03,99.99999999999999,44.94292067173702,52.8173699168719,100.0,43.90441506264544,95.18592286083079,Green
Sensor_79,2023-01-04,99.99999999999999,38.526218437402996,51.80122346434622,96.15384615384616,52.69777458515121,91.62710700009983,Green
Sensor_79,2023-01-05,99.99999999999999,51.582135222268676,64.86485568943613,95.0,63.597151415313,91.72277925234525,Green
Sensor_79,2023-01-06,99.99999999999999,52.00049697955815,43.282241917372474,100.0,57.723009847358654,95.59306520392752,Green
Sensor_79,2023-01-07,99.99999999999999,40.024788754443165,55.015708431999705,100.0,41.9075186584881,94.97254408775687,Green
Sensor_8,2023-01-01,50.5383046880858,42.50193297762392,56.253351090457976,100.0,48.45762281323092,94.62222677029123,Green
Sensor_8,2023-01-02,99.05957052586297,54.25362026513084,41.014452571462186,93.75,57.741830447961775,90.02428987751654,Green
Sensor_8,2023-01-03,99.99999999999999,49.95253305131837,46.217124586494656,100.0,44.30692886790243,95.26542601479203,Green
Sensor_8,2023-01-04,99.99999999999999,49.84342034896032,56.396379561900815,97.05882352941177,57.30991747172598,93.15328782297219,Green
Sensor_8,2023-01-05,99.99999999999999,47.43115319151632,44.771848705173525,100.0,53.90808695879992,95.33758241308144,Green
Sensor_8,2023-01-06,99.99999999999999,57.33535468029354,59.36933414464044,96.875,54.697573708656414,93.33138527692688,Green
Sensor_8,2023-01-07,99.99999999999999,58.63631476393912,61.39864003837504,91.66666666666667,48.60842075560573,88.62730667195729,Green
Sensor_80,2023-01-01,35.56739896556451,45.88465190491566,46.64927804992077,100.0,52.211347101819015,94.44284326595698,Green
Sensor_80,2023-01-02,98.23840753108713,45.116374366582576,49.6298713265629,100.0,50.551956391629055,95.2480274155507,Green
Sensor_80,2023-01-03,99.99999999999999,58.46325597937457,48.30064011633959,96.875,46.64680899172339,92.94303220546264,Green
Sensor_80,2023-01-04,99.99999999999999,54.19218775666551,59.13917516426157,100.0,55.787797662866645,96.01335571623302,Green
Sensor_80,2023-01-05,99.99999999999999,42.007054179886765,52.96898938685285,100.0,51.377079787282405,95.22826834634277,Green
Sensor_80,2023-01-06,99.99999999999999,62.55764328364463,48.36179376996103,90.625,47.5375007117107,87.54196590401621,Green
Sensor_80,2023-01-07,99.99999999999999,52.23402857488883,56.321528861034395,96.42857142857143,51.635439607234204,92.5640364372085,Green
Sensor_81,2023-01-01,48.90939354846086,47.983808698017256,63.250920444750406,100.0,54.97853744898926,95.15494499328067,Green
Sensor_81,2023-01-02,98.04657303864344,51.19680665839783,51.89768365014356,96.15384615384616,49.186911467358485,92.08847942902668,Green
Sensor_81,2023-01-03,99.99999999999999,54.76669695962245,34.70002829528419,100.0,51.82124954740745,95.38387491363532,Green
Sensor_81,2023-01-04,99.99999999999999,51.14702049247477,50.29572049589478,100.0,56.64835979159858,95.69286094271762,Green
Sensor_81,2023-01-05,99.99999999999999,57.25173695806315,62.228421690247686,100.0,43.60481677315691,95.94459630842509,Green
Sensor_81,2023-01-06,99.99999999999999,50.00120515803733,39.994007684882256,100.0,49.272768510399544,95.2363536990053,Green
Sensor_81,2023-01-07,99.99999999999999,53.377140611297136,39.36367804262377,95.83333333333333,58.128738676210055,91.83632167422836,Green
Sensor_82,2023-01-01,41.60664273889647,40.53506961236859,47.5421501166369,93.47826086956522,48.37177052599145,88.36752639176453,Green
Sensor_82,2023-01-02,99.18236847705936,51.76070583657732,55.47514195149366,100.0,58.91397655204211,95.88078518129987,Green
Sensor_82,2023-01-03,99.99999999999999,58.88568659321059,49.15801841588058,94.44444444444444,44.71725687478218,90.7581925526575,Green
Sensor_82,2023-01-04,99.99999999999999,50.941614817966716,47.342263212330295,100.0,48.15757608327095,95.42281705561307,Green
Sensor_82,2023-01-05,99.99999999999999,46.876400590145856,56.46077643308525,94.73684210526316,47.07610458551025,90.70823382154963,Green
Sensor_82,2023-01-06,99.99999999999999,57.583006948383904,49.52346682571236,100.0,48.36674307083191,95.77360645943328,Green
Sensor_82,2023-01-07,99.99999999999999,42.43318651403565,54.77847797293319,100.0,54.79262849802157,95.36655532209828,Green
Sensor_83,2023-01-01,47.28503754414964,50.290977763523,46.19463410724484,97.82608695652173,50.90993541446128,92.80048847890153,Green
Sensor_83,2023-01-02,96.38830019591197,45.23348029838726,63.388323976672055,96.15384615384616,39.46125130762997,91.84672253121056,Green
Sensor_83,2023-01-03,99.99999999999999,51.76580342375072,45.77402632981561,100.0,50.10018235154238,95.4673098014625,Green
Sensor_83,2023-01-04,99.99999999999999,55.16083804607359,48.67014264118942,95.83333333333333,50.42484867426706,91.95613312891267,Green
Sensor_83,2023-01-05,99.99999999999999,56.30942923727138,42.012385829989576,100.0,47.59104625843368,95.52565421595479,Green
Sensor_83,2023-01-06,99.99999999999999,50.946466517127114,38.88832520707823,100.0,68.03795538921227,95.67854899302012,Green
Sensor_83,2023-01-07,99.99999999999999,57.67826180868687,38.184411614600734,94.44444444444444,54.135263085049985,90.66436886254532,Green
Sensor_84,2023-01-01,36.993747673929015,46.88200477439389,51.21628153389248,97.72727272727273,48.63420681760704,92.49192128646203,Green
Sensor_84,2023-01-02,98.105393274024,50.69553264171767,37.3870975294716,96.875,51.60631339769432,92.43302465565549,Green
Sensor_84,2023-01-03,99.99999999999999,55.245132560886866,47.82345639383822,97.05882352941177,45.61118244388024,92.93011648428111,Green
Sensor_84,2023-01-04,99.99999999999999,40.710289227367255,55.53031759906992,100.0,63.58888041693494,95.50679413894814,Green
Sensor_84,2023-01-05,99.99999999999999,51.01219755232547,56.556722367529616,100.0,54.042632329099035,95.77251351120026,Green
Sensor_84,2023-01-06,99.99999999999999,50.33107358607879,48.577124052262505,100.0,51.24191877916732,95.49416150904163,Green
Sensor_84,2023-01-07,99.99999999999999,60.71709999937339,41.99715396071838,100.0,51.96046209909354,95.82060935945941,Green
Sensor_85,2023-01-01,36.73033476392421,54.790023879796784,53.36711751628381,95.23809523809524,47.09867305549827,90.6231458287693,Green
Sensor_85,2023-01-02,99.63163357214434,52.954050887863886,51.90816726031845,96.15384615384616,63.268262494086144,92.50681012533879,Green
Sensor_85,2023-01-03,99.99999999999999,47.64841867680435,56.08189197984055,93.75,53.87228014869006,90.00301813304199,Green
Sensor_85,2023-01-04,99.99999999999999,52.35937402089104,65.5695808654922,97.36842105263158,50.97855892287506,93.61139036535982,Green
Sensor_85,2023-01-05,99.99999999999999,41.92840406047124,52.89615686381282,95.45454545454545,48.91425088685198,91.09090278532308,Green
Sensor_85,2023-01-06,99.99999999999999,46.905264579062504,55.33764211945311,100.0,58.27341067590422,95.65749964523765,Green
Sensor_85,2023-01-07,99.99999999999999,42.07724312672632,54.421626843053154,100.0,55.73233797443825,95.36377836122476,Green
Sensor_86,2023-01-01,33.72925850720716,52.62982173427538,44.43307300638631,100.0,54.60892450915548,94.72251889676325,Green
Sensor_86,2023-01-02,98.05651032044558,55.61739567713939,45.249309775781725,100.0,54.86086060415934,95.70954906325451,Green
Sensor_86,2023-01-03,99.99999999999999,56.0612872746785,58.7568530252439,96.875,45.96871609191557,93.0625011264036,Green
Sensor_86,2023-01-04,99.99999999999999,45.838054046417334,42.65131084022201,95.0,44.77733760824223,90.5265695189861,Green
Sensor_86,2023-01-05,99.99999999999999,53.15392852569899,44.235750684130394,95.0,64.53079850113599,91.33694268174295,Green
Sensor_86,2023-01-06,99.99999999999999,47.9670839442132,59.99248924847511,94.11764705882354,45.47411064114488,90.24681133099038,Green
Sensor_86,2023-01-07,99.99999999999999,54.825546370991646,58.22007237039165,100.0,54.510152327281695,95.99131244932455,Green
Sensor_87,2023-01-01,35.76448235898288,35.046079476138125,50.52752445920919,96.15384615384616,45.37535218911837,90.44836486382441,Green
Sensor_87,2023-01-02,98.38568485920857,54.25610327804485,41.0588626618196,96.42857142857143,47.568082392814446,92.18805969425296,Green
Sensor_87,2023-01-03,99.99999999999999,46.59709426072546,42.67818589983484,100.0,50.46756989148021,95.17400146393955,Green
Sensor_87,2023-01-04,99.99999999999999,47.90678541787236,57.417809812203224,96.875,47.98619763412374,92.71434585195928,Green
Sensor_87,2023-01-05,99.99999999999999,53.36467891766645,58.10643732292994,96.875,56.08646067940946,93.15695515675355,Green
Sensor_87,2023-01-06,99.99999999999999,55.96552453835909,63.21027166685942,96.42857142857143,54.774005061261825,92.96060381156317,Green
Sensor_87,2023-01-07,99.99999999999999,63.137423735254934,51.49745906187627,100.0,46.93051951113947,96.03389748797821,Green
Sensor_88,2023-01-01,52.26563926909968,55.203638302478865,66.13390512071557,100.0,59.93192308692965,95.69860625550626,Green
Sensor_88,2023-01-02,99.35751756992217,45.98963843919654,50.16108566143971,91.66666666666667,44.78419770290268,87.7095303549854,Green
Sensor_88,2023-01-03,99.99999999999999,48.72088625625247,60.91699596410652,100.0,52.40310795895946,95.73415010953232,Green
Sensor_88,2023-01-04,99.99999999999999,52.44140867019321,52.3025012663463,100.0,50.63620449362953,95.66048959725848,Green
Sensor_88,2023-01-05,99.99999999999999,50.71522824350719,52.79701888733472,100.0,61.14094140201231,95.83338939845501,Green
Sensor_88,2023-01-06,99.99999999999999,61.67937319135558,42.48176121559134,100.0,56.45489153634257,95.97660117393646,Green
Sensor_88,2023-01-07,99.99999999999999,47.26584141352297,58.190069947718705,96.875,56.62150458830273,92.89956406965844,Green
Sensor_89,2023-01-01,40.89151339445829,52.293848389987104,56.727650267279984,100.0,48.76053503020511,94.95151778419694,Green
Sensor_89,2023-01-02,97.1058973782106,46.09275771652929,44.479624840943174,100.0,41.29949294344813,94.94791057670517,Green
Sensor_89,2023-01-03,99.99999999999999,48.31730387114176,39.719523443743206,100.0,50.7405834459511,95.18835315834302,Green
Sensor_89,2023-01-04,99.99999999999999,41.78952323349369,39.73122662260993,100.0,50.268539453068875,94.88736079330694,Green
Sensor_89,2023-01-05,99.99999999999999,39.76505560200414,54.07203779263298,100.0,59.674345639018206,95.34220276611752,Green
Sensor_89,2023-01-06,99.99999999999999,45.289589481544056,46.84523322329424,96.42857142857143,46.18669448479093,91.91222489277091,Green
Sensor_89,2023-01-07,99.99999999999999,54.847125586638995,51.56381569670389,100.0,37.62387456881375,95.45530625068943,Green
Sensor_9,2023-01-01,48.30323163215449,54.638237615091434,46.50071423851913,100.0,54.52269090433443,95.04568863984625,Green
Sensor_9,2023-01-02,99.04128554612696,42.525176262428666,58.249210998451794,100.0,52.47686438219997,95.38600370563516,Green
Sensor_9,2023-01-03,99.99999999999999,56.753624751925486,53.059721017018425,92.85714285714286,60.36024101541961,89.68489255062526,Green
Sensor_9,2023-01-04,99.99999999999999,50.99981318926506,57.684734155287565,95.45454545454545,50.53177876646992,91.6420885573598,Green
Sensor_9,2023-01-05,99.99999999999999,59.52739204758028,38.005303724666234,96.42857142857143,61.20677117270622,92.68229218370165,Green
Sensor_9,2023-01-06,99.99999999999999,48.96384932543703,40.24388793888488,96.42857142857143,56.28956342986142,92.15231700532821,Green
Sensor_9,2023-01-07,99.99999999999999,52.44791141407842,51.39412754488591,100.0,53.11478221357427,95.69600228657836,Green
Sensor_90,2023-01-01,33.69504590748194,42.952150514987494,44.84349198682655,96.66666666666667,46.21532916755276,91.12110625853289,Green
Sensor_90,2023-01-02,97.1171182586031,60.49658821268076,63.177253375053894,100.0,51.95291978462344,96.26316743450852,Green
Sensor_90,2023-01-03,99.99999999999999,48.08469083928917,52.65046152965207,100.0,71.06432963812374,95.93802532682062,Green
Sensor_90,2023-01-04,99.99999999999999,50.10282946351443,43.39452059543655,100.0,38.20898487544188,95.06852146428672,Green
Sensor_90,2023-01-05,99.99999999999999,52.65242045139956,50.08037637737742,100.0,44.73799601905195,95.48470252437674,Green
Sensor_90,2023-01-06,99.99999999999999,43.935614734869056,54.7308220572925,100.0,35.374299476861246,94.9918244092803,Green
Sensor_90,2023-01-07,99.99999999999999,61.011435255946665,51.76756865204746,100.0,46.80790463712143,95.94273256191418,Green
Sensor_91,2023-01-01,44.13834801524511,41.7160806916887,31.648327839547818,100.0,57.9004700525196,94.15002721353682,Green
Sensor_91,2023-01-02,96.44087097836655,46.2034405187638,56.6363356365837,93.75,57.70800737532644,89.99264117401229,Green
Sensor_91,2023-01-03,99.99999999999999,51.48659633619705,44.47012501454221,96.66666666666667,48.066066688677004,92.38929488458717,Green
Sensor_91,2023-01-04,99.99999999999999,46.29761576674369,52.54330726404893,96.66666666666667,51.5606118139632,92.4242689875861,Green
Sensor_91,2023-01-05,99.99999999999999,46.4061074420626,57.941687906748285,100.0,62.95083662931718,95.8015985147547,Green
Sensor_91,2023-01-06,99.99999999999999,46.86533391620417,61.42918338509759,100.0,45.55449854242142,95.50804113937637,Green
Sensor_91,2023-01-07,99.99999999999999,56.668468567669336,50.15681270253787,97.72727272727273,39.37261534592902,93.50535709778161,Green
Sensor_92,2023-01-01,39.92877693961638,57.89229676169369,42.34397146608297,95.83333333333333,53.91368079168243,91.23599955001504,Green
Sensor_92,2023-01-02,96.17251178745985,51.59000049881551,61.98917538253319,100.0,42.54042738250029,95.61355902413979,Green
Sensor_92,2023-01-03,99.99999999999999,54.47997124383505,50.07283634863387,100.0,46.817671261092194,95.6130505854191,Green
Sensor_92,2023-01-04,99.99999999999999,61.16713817744512,37.814076415630126,94.44444444444444,43.41582417267552,90.56792831555939,Green
Sensor_92,2023-01-05,99.99999999999999,56.740239256385706,52.51175214711978,100.0,45.280218719854616,95.7351708491967,Green
Sensor_92,2023-01-06,99.99999999999999,55.63730777524397,55.98465935586084,100.0,47.15737244842229,95.80896098560783,Green
Sensor_92,2023-01-07,99.99999999999999,50.85850622102129,64.9815571900271,96.42857142857143,54.24292615822062,92.76219539493135,Green
Sensor_93,2023-01-01,40.23878603629811,55.1095576794336,52.883345440962806,100.0,58.66547248205891,95.20423592082294,Green
Sensor_93,2023-01-02,98.72754875193988,56.97461466519954,45.780401570533385,100.0,39.98118056888525,95.45334784154488,Green
Sensor_93,2023-01-03,99.99999999999999,52.721000531245586,55.00117215679661,100.0,54.93663461428918,95.8328867328595,Green
Sensor_93,2023-01-04,99.99999999999999,50.08816914391299,49.51600882373682,94.44444444444444,41.72847746802366,90.3070879169471,Green
Sensor_93,2023-01-05,99.99999999999999,47.18219858701064,54.19313148851958,96.15384615384616,54.73306723796448,92.11386399292411,Green
Sensor_93,2023-01-06,99.99999999999999,47.97238616157878,41.01010880209335,100.0,53.72686042901711,95.27058447209939,Green
Sensor_93,2023-01-07,99.99999999999999,47.374290415678786,52.11229794610284,95.0,50.44848773796675,90.9423506080708,Green
Sensor_94,2023-01-01,29.20620968331254,43.136691750745236,48.928777937202575,100.0,53.45835705335581,94.31950018127796,Green
Sensor_94,2023-01-02,97.01849684496942,53.053517351452626,36.569619190402754,95.83333333333333,67.3910724809899,91.92898427922687,Green
Sensor_94,2023-01-03,99.99999999999999,54.12921085995226,47.42429539656983,100.0,38.53153378141559,95.34822941665419,Green
Sensor_94,2023-01-04,99.99999999999999,48.78417145553177,46.37151919166015,95.83333333333333,43.97021721867531,91.47273412109264,Green
Sensor_94,2023-01-05,99.99999999999999,56.512588562056955,57.34683632004814,94.44444444444444,53.06362419231087,91.03123973510151,Green
Sensor_94,2023-01-06,99.99999999999999,43.9957865070233,58.92028603173491,100.0,55.13855063348204,95.53971977165024,Green
Sensor_94,2023-01-07,99.99999999999999,43.157819051155755,44.30758985283752,96.15384615384616,52.10877591943719,91.64663575523761,Green
Sensor_95,2023-01-01,35.4132929998022,50.683230639031,44.34902765677588,100.0,63.24916792725921,94.85164965691375,Green
Sensor_95,2023-01-02,96.97834095441291,42.062372718958,57.0550482805579,96.42857142857143,55.76854063638069,92.18304759507727,Green
Sensor_95,2023-01-03,99.99999999999999,49.57517276388691,58.656249608889375,100.0,53.10700327288496,95.73587057941835,Green
Sensor_95,2023-01-04,99.99999999999999,46.06519332686936,52.32297363340638,100.0,50.217036867776535,95.36764572975501,Green
Sensor_95,2023-01-05,99.99999999999999,56.805260229186814,54.94596975117666,100.0,44.09357515455301,95.7674290364331,Green
Sensor_95,2023-01-06,99.99999999999999,54.787505509984484,49.83379366583354,96.875,54.0101559496612,92.98190848644603,Green
Sensor_95,2023-01-07,99.99999999999999,46.21719777627231,45.17121691921488,93.33333333333333,53.716931913893674,89.30985575355311,Green
Sensor_96,2023-01-01,38.506695167481524,42.170328568377755,52.32611531577019,100.0,77.47142655339005,95.01969733420457,Green
Sensor_96,2023-01-02,96.7160253337755,53.98502090297271,58.61079531691896,96.66666666666667,49.82803745195191,92.82508075795414,Green
Sensor_96,2023-01-03,99.99999999999999,62.460257141970125,48.964702690351764,100.0,73.01026571101721,96.53681156215707,Green
Sensor_96,2023-01-04,99.99999999999999,53.69997357668891,54.88538884740528,95.0,39.84100969400773,91.04739851661485,Green
Sensor_96,2023-01-05,99.99999999999999,43.5327539579352,38.22618489806769,100.0,52.08858633667594,94.9714414754692,Green
Sensor_96,2023-01-06,99.99999999999999,53.0770980873667,29.587670113426753,100.0,54.44340417121054,95.24994755100212,Green
Sensor_96,2023-01-07,99.99999999999999,53.11522360581521,57.12961657156928,90.9090909090909,52.423051152028044,87.6900028544053,Green
Sensor_97,2023-01-01,41.42980245835764,46.2572588891466,48.88504830323509,100.0,43.78384052790984,94.39553800659856,Green
Sensor_97,2023-01-02,98.14116447662377,42.4366320418755,49.265212540071985,100.0,47.9906220401132,95.0609617861722,Green
Sensor_97,2023-01-03,99.99999999999999,47.257097947356144,54.309589844085345,100.0,44.06598237332278,95.32709564048332,Green
Sensor_97,2023-01-04,99.99999999999999,51.69287703120669,54.24050397994407,97.05882352941177,55.99067780834055,93.1558339657073,Green
Sensor_97,2023-01-05,99.99999999999999,60.41400007482807,44.30012510961358,100.0,51.076037255553025,95.84030348220358,Green
Sensor_97,2023-01-06,99.99999999999999,43.82421977248859,54.74465336002055,95.0,50.58725000633037,90.84834726739277,Green
Sensor_97,2023-01-07,99.99999999999999,45.743302625328496,42.16877445480464,100.0,44.3344414578521,94.98509098204627,Green
Sensor_98,2023-01-01,47.070811562992866,50.87831834325267,49.03713009606607,100.0,49.50498969268805,94.80726133609994,Green
Sensor_98,2023-01-02,98.60661857404058,45.37517575469143,56.341314169521134,95.83333333333333,45.8168425152198,91.5754391324103,Green
Sensor_98,2023-01-03,99.99999999999999,47.40966597904587,47.16725712269095,100.0,53.497981802855584,95.38270844494762,Green
Sensor_98,2023-01-04,99.99999999999999,53.13670499903532,34.54783936149028,100.0,41.280017895216105,95.06867754870765,Green
Sensor_98,2023-01-05,99.99999999999999,53.1688315711975,41.56360569778352,95.83333333333333,56.876124967464705,91.84950012930835,Green
Sensor_98,2023-01-06,99.99999999999999,51.73152311212654,53.85174316617107,100.0,43.75982480507858,95.50872318713165,Green
Sensor_98,2023-01-07,99.99999999999999,49.73944471932494,37.021514808662275,100.0,53.72845556710798,95.2570506898096,Green
Sensor_99,2023-01-01,41.04242487825485,48.60426497225723,55.93242925726628,100.0,54.23766800729065,94.89509999492708,Green
Sensor_99,2023-01-02,98.48681529690248,49.245217750015655,34.90106557834874,91.66666666666667,50.699661715482016,87.62456645354358,Green
Sensor_99,2023-01-03,99.99999999999999,44.42984070135364,47.729858263906806,100.0,44.62305133297118,95.06175629504233,Green
Sensor_99,2023-01-04,99.99999999999999,54.07602818134648,46.168861919721834,97.05882352941177,46.417692733067405,92.85811784274917,Green
Sensor_99,2023-01-05,99.99999999999999,62.17369452493798,46.75618506397693,92.3076923076923,66.07506546813656,89.41729400245143,Green
Sensor_99,2023-01-06,99.99999999999999,48.24262499778929,39.67955722286535,100.0,52.321697038424695,95.21997248614697,Green
Sensor_99,2023-01-07,99.99999999999999,61.101098714163996,47.504802920087094,96.15384615384616,37.434621986961275,92.18634277487557,Green
